CTYNAME,YEAR,CTYCODE,TOTVOTERS,EMPLOYMENT ESTIMATE,INCOME/BENEFITS,WHITE,BLACK,INDIAN,ASIAN,HAWAIIAN,OTHERS,POPULATION,Percent Married,Percent Divorced,POPULATION 18-24,HIGHSCHOOL DEGREE,BACHELOR'S DEGREE,POPULATION >25,HIGHSCHOOL DEGREE >25,BACHELOR'S DEGREE >25,GRADUATE DEGREE >25,POVERTY RATE >25,AGE1519,AGE2024,AGE2529,AGE18ABOVE,Citizen: Total,Citizen: US Born,Citizen: Puerto Rico/US Islands Born,Citizen: Born Abroad,Citizen: Naturalization,Not Citizen
aitkin,2002,1,8106,NA,NA,NA,NA,NA,NA,NA,NA,NA,NA,NA,NA,NA,NA,NA,NA,NA,NA,NA,NA,NA,NA,NA,NA,NA,NA,NA,NA,NA
aitkin,2006,1,8197,NA,NA,NA,NA,NA,NA,NA,NA,NA,NA,NA,NA,NA,NA,NA,NA,NA,NA,NA,NA,NA,NA,NA,NA,NA,NA,NA,NA,NA
aitkin,2010,1,7425,13763,7903,15225,68,346,53,1,21,16325,63.8,12,841,48.2,6.3,12533,39.8,10.4,4,23.7,5.3,3.4,3.9,81.9,16325,16056,6,85,111,67
aitkin,2014,1,7307,13510,7637,15225,68,346,53,1,21,15964,62.2,11.5,817,42.8,5.9,12343,40.8,10.2,4.6,23.4,4.9,3.4,3.8,82.4,15964,15736,10,62,105,51
anoka,2002,2,140361,NA,NA,NA,NA,NA,NA,NA,NA,NA,NA,NA,NA,NA,NA,NA,NA,NA,NA,NA,NA,NA,NA,NA,NA,NA,NA,NA,NA,NA
anoka,2006,2,133965,NA,NA,NA,NA,NA,NA,NA,NA,NA,NA,NA,NA,NA,NA,NA,NA,NA,NA,NA,NA,NA,NA,NA,NA,NA,NA,NA,NA,NA
anoka,2010,2,131703,251164,120026,289757,15995,2037,13369,72,5579,327544,56.6,9.7,26772,34.5,9.8,213702,30.5,18.5,7.2,15.9,7.3,5.7,6.6,73.4,327544,302964,302,1551,11358,11369
anoka,2014,2,118274,262119,123446,289757,15995,2037,13369,72,5579,336316,54.7,10.6,27322,32.8,9.7,224628,28.8,19.5,7.7,19.2,6.8,5.8,6.4,74.9,336316,310812,247,2025,13205,10027
becker,2002,3,13539,NA,NA,NA,NA,NA,NA,NA,NA,NA,NA,NA,NA,NA,NA,NA,NA,NA,NA,NA,NA,NA,NA,NA,NA,NA,NA,NA,NA,NA
becker,2006,3,13481,NA,NA,NA,NA,NA,NA,NA,NA,NA,NA,NA,NA,NA,NA,NA,NA,NA,NA,NA,NA,NA,NA,NA,NA,NA,NA,NA,NA,NA
becker,2010,3,11904,25295,13345,29021,147,2406,144,7,97,32274,58.5,10.6,2336,34.4,2.8,22020,33.5,14.8,6.4,25.4,6.5,4.9,5.2,75.5,32274,31736,25,105,301,107
becker,2014,3,12124,25793,13534,29021,147,2406,144,7,97,32971,57.4,10.4,2236,38.2,5.1,22617,33.1,15.4,6.2,25.2,6.1,4.8,5.2,75.4,32971,32316,2,82,234,337
beltrami,2002,4,15547,NA,NA,NA,NA,NA,NA,NA,NA,NA,NA,NA,NA,NA,NA,NA,NA,NA,NA,NA,NA,NA,NA,NA,NA,NA,NA,NA,NA,NA
beltrami,2006,4,17139,NA,NA,NA,NA,NA,NA,NA,NA,NA,NA,NA,NA,NA,NA,NA,NA,NA,NA,NA,NA,NA,NA,NA,NA,NA,NA,NA,NA,NA
beltrami,2010,4,16187,33986,16759,33650,386,9109,415,49,118,43781,49.8,9,6308,32.1,7,26354,27.9,18.4,10.7,31.5,8.5,10.3,6.7,74.6,43781,42392,8,241,436,704
beltrami,2014,4,15567,35131,16793,33650,386,9109,415,49,118,45236,45.7,11.1,6554,22.7,7.2,27268,26.9,18.1,8.7,37.4,8.4,10.3,6.3,74.8,45236,44020,0,336,469,411
benton,2002,5,13724,NA,NA,NA,NA,NA,NA,NA,NA,NA,NA,NA,NA,NA,NA,NA,NA,NA,NA,NA,NA,NA,NA,NA,NA,NA,NA,NA,NA,NA
benton,2006,5,14362,NA,NA,NA,NA,NA,NA,NA,NA,NA,NA,NA,NA,NA,NA,NA,NA,NA,NA,NA,NA,NA,NA,NA,NA,NA,NA,NA,NA,NA
benton,2010,5,13827,29638,14986,36841,954,195,438,0,42,38148,54,8,4181,30.5,10.3,24392,34.4,13.7,5.9,16,6.4,8.4,9,74.9,38148,37442,24,86,352,244
benton,2014,5,13292,30263,15466,36841,954,195,438,0,42,38980,51.6,10.4,3567,27.3,7.6,25776,32.9,14.1,6.1,24.1,5.8,7,8.3,75.3,38980,38061,0,65,465,389
big stone,2002,6,2741,NA,NA,NA,NA,NA,NA,NA,NA,NA,NA,NA,NA,NA,NA,NA,NA,NA,NA,NA,NA,NA,NA,NA,NA,NA,NA,NA,NA,NA
big stone,2006,6,2785,NA,NA,NA,NA,NA,NA,NA,NA,NA,NA,NA,NA,NA,NA,NA,NA,NA,NA,NA,NA,NA,NA,NA,NA,NA,NA,NA,NA,NA
big stone,2010,6,2233,4320,2366,5084,14,13,2,0,7,5324,61.7,6.4,335,30.4,9.6,3867,40.5,11.7,4.3,16.2,6.5,4.1,4.2,78.9,5324,5279,7,11,9,18
big stone,2014,6,2161,4235,2316,5084,14,13,2,0,7,5180,63.8,7.8,309,26.9,8.7,3803,42.6,14.3,4,30.4,5.3,4.4,4.2,79.4,5180,5110,1,23,35,11
blue earth,2002,7,24306,NA,NA,NA,NA,NA,NA,NA,NA,NA,NA,NA,NA,NA,NA,NA,NA,NA,NA,NA,NA,NA,NA,NA,NA,NA,NA,NA,NA,NA
blue earth,2006,7,25680,NA,NA,NA,NA,NA,NA,NA,NA,NA,NA,NA,NA,NA,NA,NA,NA,NA,NA,NA,NA,NA,NA,NA,NA,NA,NA,NA,NA,NA
blue earth,2010,7,22565,51895,23889,59808,1970,234,1299,15,267,62719,43.8,7.5,14788,19.4,8.8,35774,28.8,20.5,9.5,28.9,9.6,17.2,7.5,80.6,62719,59951,31,233,1078,1426
blue earth,2014,7,20201,53365,24719,59808,1970,234,1299,15,267,64720,45.5,6.8,14148,15.9,8.9,37926,29,20.9,9.4,27,8.9,15.9,8.2,80.5,64720,61721,14,417,1278,1290
brown,2002,8,11560,NA,NA,NA,NA,NA,NA,NA,NA,NA,NA,NA,NA,NA,NA,NA,NA,NA,NA,NA,NA,NA,NA,NA,NA,NA,NA,NA,NA,NA
brown,2006,8,11753,NA,NA,NA,NA,NA,NA,NA,NA,NA,NA,NA,NA,NA,NA,NA,NA,NA,NA,NA,NA,NA,NA,NA,NA,NA,NA,NA,NA,NA
brown,2010,8,10517,20946,10798,24882,99,29,99,16,193,26030,56,9.5,2519,21.5,4.8,17669,39.4,13.2,5.3,17,7.4,6.6,5.1,77.6,26030,25501,0,110,180,239
brown,2014,8,9394,20596,10749,24882,99,29,99,16,193,25513,54.1,9.7,2473,26.7,4.9,17491,38.9,14.7,6.8,14.8,6.8,6.6,5.3,78.3,25513,25035,3,118,183,174
carlton,2002,9,14389,NA,NA,NA,NA,NA,NA,NA,NA,NA,NA,NA,NA,NA,NA,NA,NA,NA,NA,NA,NA,NA,NA,NA,NA,NA,NA,NA,NA,NA
carlton,2006,9,14259,NA,NA,NA,NA,NA,NA,NA,NA,NA,NA,NA,NA,NA,NA,NA,NA,NA,NA,NA,NA,NA,NA,NA,NA,NA,NA,NA,NA,NA
carlton,2010,9,13780,27641,13724,31760,467,1933,232,5,92,34958,56.4,10.3,2623,35.2,5.7,23995,33.7,14.2,7.2,22.2,6.6,5.2,5.5,76.1,34958,34186,5,140,379,248
carlton,2014,9,13970,28059,13542,31760,467,1933,232,5,92,35430,52.5,12.7,2692,37.6,3.8,24457,36.5,16.2,6.2,27.2,6.1,5.4,5.7,76.6,35430,34941,14,128,227,120
carver,2002,10,35007,NA,NA,NA,NA,NA,NA,NA,NA,NA,NA,NA,NA,NA,NA,NA,NA,NA,NA,NA,NA,NA,NA,NA,NA,NA,NA,NA,NA,NA
carver,2006,10,36438,NA,NA,NA,NA,NA,NA,NA,NA,NA,NA,NA,NA,NA,NA,NA,NA,NA,NA,NA,NA,NA,NA,NA,NA,NA,NA,NA,NA,NA
carver,2010,10,37198,64808,32202,87324,1015,163,2485,74,1116,88668,64.4,7.4,5924,30.1,12.6,55940,22,30.3,12.4,18.9,7,4.6,5.5,69.8,88668,83297,19,334,2496,2522
carver,2014,10,37124,70237,33813,87324,1015,163,2485,74,1116,94212,62.7,7.8,6749,25.7,14.7,60296,21.2,32.2,12.9,18.2,7.5,4.6,5.2,71.2,94212,88535,2,433,2706,2536
cass,2002,11,12734,NA,NA,NA,NA,NA,NA,NA,NA,NA,NA,NA,NA,NA,NA,NA,NA,NA,NA,NA,NA,NA,NA,NA,NA,NA,NA,NA,NA,NA
cass,2006,11,12620,NA,NA,NA,NA,NA,NA,NA,NA,NA,NA,NA,NA,NA,NA,NA,NA,NA,NA,NA,NA,NA,NA,NA,NA,NA,NA,NA,NA,NA
cass,2010,11,13081,23143,12944,24352,106,2935,131,74,26,28648,62.8,9.5,1870,35.8,4.6,20447,36.3,14.5,5.7,29.4,6.3,4.5,4.6,77.9,28648,28222,0,124,176,126
cass,2014,11,12364,23084,12876,24352,106,2935,131,74,26,28499,60.7,10.4,1831,39.6,2.6,20604,36.2,13.7,5.9,33.3,5.6,4.5,4.5,78.7,28499,28155,3,83,171,87
chippewa,2002,12,5965,NA,NA,NA,NA,NA,NA,NA,NA,NA,NA,NA,NA,NA,NA,NA,NA,NA,NA,NA,NA,NA,NA,NA,NA,NA,NA,NA,NA,NA
chippewa,2006,12,5541,NA,NA,NA,NA,NA,NA,NA,NA,NA,NA,NA,NA,NA,NA,NA,NA,NA,NA,NA,NA,NA,NA,NA,NA,NA,NA,NA,NA,NA
chippewa,2010,12,4905,9915,5193,11493,94,61,68,117,149,12426,53.6,11.5,902,41.4,5.9,8549,38,11.6,4.2,22.3,6.9,5.1,5.2,76.1,12426,12016,0,39,101,270
chippewa,2014,12,4696,9803,5050,11493,94,61,68,117,149,12235,55.5,11.5,901,28.1,6.5,8528,34.2,13.3,4.3,23.7,6.5,5.3,6,77.1,12235,11711,16,32,104,372
chisago,2002,13,22253,NA,NA,NA,NA,NA,NA,NA,NA,NA,NA,NA,NA,NA,NA,NA,NA,NA,NA,NA,NA,NA,NA,NA,NA,NA,NA,NA,NA,NA
chisago,2006,13,22007,NA,NA,NA,NA,NA,NA,NA,NA,NA,NA,NA,NA,NA,NA,NA,NA,NA,NA,NA,NA,NA,NA,NA,NA,NA,NA,NA,NA,NA
chisago,2010,13,22990,40590,19328,51396,613,293,374,7,256,52844,59.4,9.9,3927,39.9,4.6,35043,35.9,12.1,4.9,17.6,7,5.1,5.9,73.7,52844,51738,19,243,541,303
chisago,2014,13,20364,42215,19757,51396,613,293,374,7,256,53798,57.1,10.8,4202,38.2,4.6,36419,34.3,15.3,6.3,12.3,7.2,5.3,5.4,75.5,53798,52656,17,259,448,418
clay,2002,14,20722,NA,NA,NA,NA,NA,NA,NA,NA,NA,NA,NA,NA,NA,NA,NA,NA,NA,NA,NA,NA,NA,NA,NA,NA,NA,NA,NA,NA,NA
clay,2006,14,19685,NA,NA,NA,NA,NA,NA,NA,NA,NA,NA,NA,NA,NA,NA,NA,NA,NA,NA,NA,NA,NA,NA,NA,NA,NA,NA,NA,NA,NA
clay,2010,14,19273,45278,21684,55694,960,765,690,20,467,57089,50.8,8.1,10160,27,5.7,33714,28.8,22.2,9.3,19.6,10.8,11,6.4,76.9,57089,54935,20,242,877,1015
clay,2014,14,18020,47682,22545,55694,960,765,690,20,467,60249,49.2,8.6,10204,23.6,7.9,36106,28.8,22.1,8.4,20.5,9,11.6,7,76.9,60249,57926,17,356,1000,950
clearwater,2002,15,3717,NA,NA,NA,NA,NA,NA,NA,NA,NA,NA,NA,NA,NA,NA,NA,NA,NA,NA,NA,NA,NA,NA,NA,NA,NA,NA,NA,NA,NA
clearwater,2006,15,3843,NA,NA,NA,NA,NA,NA,NA,NA,NA,NA,NA,NA,NA,NA,NA,NA,NA,NA,NA,NA,NA,NA,NA,NA,NA,NA,NA,NA,NA
clearwater,2010,15,3590,6717,3698,7590,17,766,41,7,7,8593,59.8,8.4,617,37.8,1.8,5888,37.1,11.4,3.1,27.8,6.7,4.8,5.2,75.7,8593,8398,0,54,62,79
clearwater,2014,15,2937,6813,3539,7590,17,766,41,7,7,8735,59.3,10.5,593,37.6,3.4,5985,38.5,10.2,3.9,31,6.2,4.6,5.1,75.3,8735,8595,6,53,47,34
cook,2002,16,2909,NA,NA,NA,NA,NA,NA,NA,NA,NA,NA,NA,NA,NA,NA,NA,NA,NA,NA,NA,NA,NA,NA,NA,NA,NA,NA,NA,NA,NA
cook,2006,16,2924,NA,NA,NA,NA,NA,NA,NA,NA,NA,NA,NA,NA,NA,NA,NA,NA,NA,NA,NA,NA,NA,NA,NA,NA,NA,NA,NA,NA,NA
cook,2010,16,2858,4455,2607,4534,50,366,44,21,55,5211,65.3,12.9,222,36.9,35.6,4091,26.6,19.9,13,25.7,4.2,4.2,5.2,82.8,5211,5070,0,52,48,41
cook,2014,16,2948,4507,2627,4534,50,366,44,21,55,5197,62.4,12.3,265,27.2,9.4,4104,24.5,24.2,16.4,19.6,3.7,4.7,4.8,84.1,5197,4894,9,62,68,164
cottonwood,2002,17,5659,NA,NA,NA,NA,NA,NA,NA,NA,NA,NA,NA,NA,NA,NA,NA,NA,NA,NA,NA,NA,NA,NA,NA,NA,NA,NA,NA,NA,NA
cottonwood,2006,17,5422,NA,NA,NA,NA,NA,NA,NA,NA,NA,NA,NA,NA,NA,NA,NA,NA,NA,NA,NA,NA,NA,NA,NA,NA,NA,NA,NA,NA,NA
cottonwood,2010,17,4657,9232,4912,10657,65,51,257,26,422,11712,60.1,8,715,45.9,4.3,8134,38.6,11.1,4.6,21.2,6.3,4.1,5.9,75.6,11712,11185,0,38,178,311
cottonwood,2014,17,4330,9200,4855,10657,65,51,257,26,422,11676,58.4,9.9,891,33.7,4.7,8027,36.7,11.9,5.1,31,6,5.4,4.5,76.4,11676,11165,0,46,246,219
crow wing,2002,18,26882,NA,NA,NA,NA,NA,NA,NA,NA,NA,NA,NA,NA,NA,NA,NA,NA,NA,NA,NA,NA,NA,NA,NA,NA,NA,NA,NA,NA,NA
crow wing,2006,18,27670,NA,NA,NA,NA,NA,NA,NA,NA,NA,NA,NA,NA,NA,NA,NA,NA,NA,NA,NA,NA,NA,NA,NA,NA,NA,NA,NA,NA,NA
crow wing,2010,18,27658,49125,26913,60757,480,712,315,0,86,61836,59.8,10.5,4691,37,5.3,42642,31.1,15.7,6.3,21.8,6.5,5.2,5.7,76.5,61836,60989,2,175,387,283
crow wing,2014,18,27065,50407,26654,60757,480,712,315,0,86,62900,57.1,11.4,4597,32.3,6,44110,31.1,15.7,7.3,22.3,5.8,5.3,5.4,77.4,62900,61652,13,212,527,496
dakota,2002,19,170671,NA,NA,NA,NA,NA,NA,NA,NA,NA,NA,NA,NA,NA,NA,NA,NA,NA,NA,NA,NA,NA,NA,NA,NA,NA,NA,NA,NA,NA
dakota,2006,19,167465,NA,NA,NA,NA,NA,NA,NA,NA,NA,NA,NA,NA,NA,NA,NA,NA,NA,NA,NA,NA,NA,NA,NA,NA,NA,NA,NA,NA,NA
dakota,2010,19,162919,300150,151122,342532,20814,1402,18164,235,10740,393380,57.1,10,31406,32.7,11.9,256491,23.2,26.9,11.2,15.4,7.1,5.7,6.9,73.2,393380,359076,763,2583,15036,15922
dakota,2014,19,152975,314309,155220,342532,20814,1402,18164,235,10740,405521,55.3,10.2,31865,30.3,13.1,270043,22.1,27.3,12.3,20.1,6.8,5.5,6.6,74.4,405521,367037,796,2868,18853,15967
dodge,2002,20,8302,NA,NA,NA,NA,NA,NA,NA,NA,NA,NA,NA,NA,NA,NA,NA,NA,NA,NA,NA,NA,NA,NA,NA,NA,NA,NA,NA,NA,NA
dodge,2006,20,7694,NA,NA,NA,NA,NA,NA,NA,NA,NA,NA,NA,NA,NA,NA,NA,NA,NA,NA,NA,NA,NA,NA,NA,NA,NA,NA,NA,NA,NA
dodge,2010,20,7988,14775,7301,19614,107,31,101,0,179,19829,63.1,8.6,1359,38.3,6.4,12702,32.6,16,5.9,18.7,7.3,4.6,6.2,70.9,19829,19303,0,56,176,294
dodge,2014,20,7765,15232,7491,19614,107,31,101,0,179,20246,59.2,9.8,1536,37.2,7.4,13056,32.9,18.1,6,15.1,7.4,5.1,5.3,72.1,20246,19773,45,44,124,260
douglas,2002,21,15629,NA,NA,NA,NA,NA,NA,NA,NA,NA,NA,NA,NA,NA,NA,NA,NA,NA,NA,NA,NA,NA,NA,NA,NA,NA,NA,NA,NA,NA
douglas,2006,21,16655,NA,NA,NA,NA,NA,NA,NA,NA,NA,NA,NA,NA,NA,NA,NA,NA,NA,NA,NA,NA,NA,NA,NA,NA,NA,NA,NA,NA,NA
douglas,2010,21,15669,29082,16070,35590,191,100,82,2,61,35909,61.1,9.2,3125,40.4,5.1,24971,32.2,14.4,6.9,18.3,6.6,6.1,6,78.2,35909,35398,0,129,156,226
douglas,2014,21,15451,29515,15639,35590,191,100,82,2,61,36413,60.7,8.8,2843,27.2,9.9,25786,30.5,17.3,6.9,18.6,5.7,5.6,5.7,78.6,36413,35836,21,179,198,179
faribault,2002,22,7753,NA,NA,NA,NA,NA,NA,NA,NA,NA,NA,NA,NA,NA,NA,NA,NA,NA,NA,NA,NA,NA,NA,NA,NA,NA,NA,NA,NA,NA
faribault,2006,22,7291,NA,NA,NA,NA,NA,NA,NA,NA,NA,NA,NA,NA,NA,NA,NA,NA,NA,NA,NA,NA,NA,NA,NA,NA,NA,NA,NA,NA,NA
faribault,2010,22,6595,12028,6301,14002,56,49,56,0,50,14819,57.7,8.8,1054,40.7,4.1,10466,40.5,12,3.4,19.8,7.2,4.8,4.6,77.7,14819,14558,2,45,68,146
faribault,2014,22,5460,11663,6311,14002,56,49,56,0,50,14337,57.5,10.3,956,36.9,5.9,10307,40.2,12.7,4.3,24.7,6.4,4.5,5,78.6,14337,14022,2,60,123,130
fillmore,2002,23,9450,NA,NA,NA,NA,NA,NA,NA,NA,NA,NA,NA,NA,NA,NA,NA,NA,NA,NA,NA,NA,NA,NA,NA,NA,NA,NA,NA,NA,NA
fillmore,2006,23,9426,NA,NA,NA,NA,NA,NA,NA,NA,NA,NA,NA,NA,NA,NA,NA,NA,NA,NA,NA,NA,NA,NA,NA,NA,NA,NA,NA,NA,NA
fillmore,2010,23,8466,16494,8546,20492,75,33,58,0,35,20978,60.5,8.7,1479,38.2,4.9,14342,37,13.7,5.6,31.4,6.9,4.8,5.2,75.4,20978,20616,0,122,119,121
fillmore,2014,23,8476,16393,8424,20492,75,33,58,0,35,20842,59.8,9.1,1439,30,5.4,14407,36.1,13.4,5.3,29.4,6,4.9,4.9,76,20842,20513,1,105,116,107
freeborn,2002,24,15987,NA,NA,NA,NA,NA,NA,NA,NA,NA,NA,NA,NA,NA,NA,NA,NA,NA,NA,NA,NA,NA,NA,NA,NA,NA,NA,NA,NA,NA
freeborn,2006,24,15252,NA,NA,NA,NA,NA,NA,NA,NA,NA,NA,NA,NA,NA,NA,NA,NA,NA,NA,NA,NA,NA,NA,NA,NA,NA,NA,NA,NA,NA
freeborn,2010,24,13564,25337,13186,29496,297,105,301,12,445,31387,57.7,9.4,2270,38.6,2.8,22195,38.4,9.8,4.1,19.6,6.4,4.9,5.3,77.9,31387,30330,0,82,353,622
freeborn,2014,24,12526,25015,13077,29496,297,105,301,12,445,31034,52.2,11.4,2282,38.4,3.6,21944,36.7,10.6,4.7,20.2,5.7,5.4,5.2,78.1,31034,29944,4,89,347,650
goodhue,2002,25,20859,NA,NA,NA,NA,NA,NA,NA,NA,NA,NA,NA,NA,NA,NA,NA,NA,NA,NA,NA,NA,NA,NA,NA,NA,NA,NA,NA,NA,NA
goodhue,2006,25,20326,NA,NA,NA,NA,NA,NA,NA,NA,NA,NA,NA,NA,NA,NA,NA,NA,NA,NA,NA,NA,NA,NA,NA,NA,NA,NA,NA,NA,NA
goodhue,2010,25,19583,36324,18758,43999,557,514,257,0,233,45930,59.7,9.8,3437,33.5,5.5,31477,33,16.4,6.3,23.7,6.8,5.1,5.4,76,45930,44804,3,130,325,668
goodhue,2014,25,17354,36933,18743,43999,557,514,257,0,233,46336,55.8,11.5,3368,38.1,10,32228,32.8,16.7,6.8,22,6.6,5.1,5.4,76.8,46336,45097,4,131,409,695
grant,2002,26,3325,NA,NA,NA,NA,NA,NA,NA,NA,NA,NA,NA,NA,NA,NA,NA,NA,NA,NA,NA,NA,NA,NA,NA,NA,NA,NA,NA,NA,NA
grant,2006,26,3183,NA,NA,NA,NA,NA,NA,NA,NA,NA,NA,NA,NA,NA,NA,NA,NA,NA,NA,NA,NA,NA,NA,NA,NA,NA,NA,NA,NA,NA
grant,2010,26,3069,4928,2663,5840,6,16,23,0,16,6082,59.9,8.3,409,28.9,4.6,4362,33.1,13.5,4.6,29.1,6.1,4.7,5.1,78.4,6082,5962,0,21,55,44
grant,2014,26,2888,4850,2576,5840,6,16,23,0,16,5977,60.3,10.3,388,25.3,9.3,4314,34.1,14.8,3.4,20.8,5.6,4.5,4.8,78.7,5977,5889,0,17,51,20
hennepin,2002,27,521318,NA,NA,NA,NA,NA,NA,NA,NA,NA,NA,NA,NA,NA,NA,NA,NA,NA,NA,NA,NA,NA,NA,NA,NA,NA,NA,NA,NA,NA
hennepin,2006,27,494329,NA,NA,NA,NA,NA,NA,NA,NA,NA,NA,NA,NA,NA,NA,NA,NA,NA,NA,NA,NA,NA,NA,NA,NA,NA,NA,NA,NA,NA
hennepin,2010,27,470477,905608,473856,886047,141240,8458,77744,484,27761,1136522,47.5,9.6,113372,23.5,18,762723,19.8,29.4,14.7,30.9,6.5,7.4,8.7,77.1,1136522,984409,1311,7619,56920,86263
hennepin,2014,27,451840,946185,484868,886047,141240,8458,77744,484,27761,1184091,46.8,10,110187,21.6,19,808209,18.2,30.2,16.1,33.1,6.1,6.8,8.8,77.6,1184091,1019021,960,9106,71113,83891
houston,2002,28,8857,NA,NA,NA,NA,NA,NA,NA,NA,NA,NA,NA,NA,NA,NA,NA,NA,NA,NA,NA,NA,NA,NA,NA,NA,NA,NA,NA,NA,NA
houston,2006,28,9154,NA,NA,NA,NA,NA,NA,NA,NA,NA,NA,NA,NA,NA,NA,NA,NA,NA,NA,NA,NA,NA,NA,NA,NA,NA,NA,NA,NA,NA
houston,2010,28,7952,15270,7770,18359,46,49,30,0,37,19226,59.6,9.4,1317,44.4,6.8,13309,36.8,15.2,6.8,17.8,7.1,4.6,5,76.1,19226,18886,3,104,127,106
houston,2014,28,7995,15254,7862,18359,46,49,30,0,37,18859,57.9,8.3,1342,30,8.3,13381,34.8,15.3,6.7,23.7,6.4,4.8,4.9,78.1,18859,18567,17,72,117,86
hubbard,2002,29,9360,NA,NA,NA,NA,NA,NA,NA,NA,NA,NA,NA,NA,NA,NA,NA,NA,NA,NA,NA,NA,NA,NA,NA,NA,NA,NA,NA,NA,NA
hubbard,2006,29,9954,NA,NA,NA,NA,NA,NA,NA,NA,NA,NA,NA,NA,NA,NA,NA,NA,NA,NA,NA,NA,NA,NA,NA,NA,NA,NA,NA,NA,NA
hubbard,2010,29,9822,16292,8616,19406,131,404,90,10,74,20205,62.5,10.6,1230,34.6,5.2,14491,33.6,16.2,7.2,21,6.3,4,4.4,77.8,20205,19875,5,80,177,68
hubbard,2014,29,8757,16712,8740,19406,131,404,90,10,74,20518,62.2,10.7,1205,40.2,6.2,14931,31.6,16.7,7.6,23.1,5.9,3.9,4.3,78.6,20518,20159,3,81,153,122
isanti,2002,30,15018,NA,NA,NA,NA,NA,NA,NA,NA,NA,NA,NA,NA,NA,NA,NA,NA,NA,NA,NA,NA,NA,NA,NA,NA,NA,NA,NA,NA,NA
isanti,2006,30,14746,NA,NA,NA,NA,NA,NA,NA,NA,NA,NA,NA,NA,NA,NA,NA,NA,NA,NA,NA,NA,NA,NA,NA,NA,NA,NA,NA,NA,NA
isanti,2010,30,14873,28752,13988,36720,235,199,279,6,73,37682,59.2,9.6,3169,32.8,4.8,24499,38.3,10.9,5.1,15.5,7,5.9,6.6,73.4,37682,37067,4,101,248,262
isanti,2014,30,13991,29667,13958,36720,235,199,279,6,73,38190,56.7,9.8,2940,42.2,4,25625,38.8,12.1,5,22.8,6.8,5.4,6.2,74.8,38190,37528,3,151,317,191
itasca,2002,31,20009,NA,NA,NA,NA,NA,NA,NA,NA,NA,NA,NA,NA,NA,NA,NA,NA,NA,NA,NA,NA,NA,NA,NA,NA,NA,NA,NA,NA,NA
itasca,2006,31,19577,NA,NA,NA,NA,NA,NA,NA,NA,NA,NA,NA,NA,NA,NA,NA,NA,NA,NA,NA,NA,NA,NA,NA,NA,NA,NA,NA,NA,NA
itasca,2010,31,19835,36282,18998,42195,188,1406,182,32,157,44835,60.8,10.4,3183,39.1,9,31798,34,14.7,6.2,22.8,6.6,4.8,4.9,78,44835,44136,0,227,270,202
itasca,2014,31,19117,36757,18821,42195,188,1406,182,32,157,45303,57.6,11.3,3171,33.9,4,32410,33.7,14.5,7.2,17,6.1,4.9,4.8,78.5,45303,44658,26,191,265,163
jackson,2002,32,5139,NA,NA,NA,NA,NA,NA,NA,NA,NA,NA,NA,NA,NA,NA,NA,NA,NA,NA,NA,NA,NA,NA,NA,NA,NA,NA,NA,NA,NA
jackson,2006,32,5029,NA,NA,NA,NA,NA,NA,NA,NA,NA,NA,NA,NA,NA,NA,NA,NA,NA,NA,NA,NA,NA,NA,NA,NA,NA,NA,NA,NA,NA
jackson,2010,32,4363,8365,4531,9809,14,18,236,2,117,10403,63.4,7.8,758,31.1,9.5,7286,36.3,13.1,3.1,12.4,6.9,4.8,4.7,77.3,10403,10095,8,21,142,137
jackson,2014,32,3905,8217,4442,9809,14,18,236,2,117,10260,62,7.6,730,27,13.6,7228,35.2,14.1,4.5,20.1,6.1,5,5.4,77.6,10260,9997,10,44,81,128
kanabec,2002,33,6533,NA,NA,NA,NA,NA,NA,NA,NA,NA,NA,NA,NA,NA,NA,NA,NA,NA,NA,NA,NA,NA,NA,NA,NA,NA,NA,NA,NA,NA
kanabec,2006,33,6587,NA,NA,NA,NA,NA,NA,NA,NA,NA,NA,NA,NA,NA,NA,NA,NA,NA,NA,NA,NA,NA,NA,NA,NA,NA,NA,NA,NA,NA
kanabec,2010,33,6593,12894,6439,15597,27,190,67,0,13,16379,57.7,10.6,1166,40.4,2.3,11256,42.2,10.4,3.4,21,6.9,4.8,5.1,75.8,16379,16164,0,83,61,71
kanabec,2014,33,6292,12913,6256,15597,27,190,67,0,13,16084,55,11.6,1137,42.7,2.6,11303,39.9,8.4,5,17.8,6.4,4.9,5.1,77.3,16084,15925,0,36,64,59
kandiyohi,2002,34,18309,NA,NA,NA,NA,NA,NA,NA,NA,NA,NA,NA,NA,NA,NA,NA,NA,NA,NA,NA,NA,NA,NA,NA,NA,NA,NA,NA,NA,NA
kandiyohi,2006,34,18054,NA,NA,NA,NA,NA,NA,NA,NA,NA,NA,NA,NA,NA,NA,NA,NA,NA,NA,NA,NA,NA,NA,NA,NA,NA,NA,NA,NA,NA
kandiyohi,2010,34,17447,33100,17069,38837,1239,213,193,0,1239,41869,58.4,7.4,4108,26.8,7.4,27648,32,15.1,5.9,20.8,7.6,6.7,5.9,75.8,41869,39814,5,89,599,1362
kandiyohi,2014,34,16802,33501,16885,38837,1239,213,193,0,1239,42316,57.7,8.3,3918,23.6,7.7,28351,29.6,14.9,7,22,6.3,7,5.8,76.3,42316,39732,8,126,948,1502
kittson,2002,35,2467,NA,NA,NA,NA,NA,NA,NA,NA,NA,NA,NA,NA,NA,NA,NA,NA,NA,NA,NA,NA,NA,NA,NA,NA,NA,NA,NA,NA,NA
kittson,2006,35,2207,NA,NA,NA,NA,NA,NA,NA,NA,NA,NA,NA,NA,NA,NA,NA,NA,NA,NA,NA,NA,NA,NA,NA,NA,NA,NA,NA,NA,NA
kittson,2010,35,2006,3750,1954,4423,20,6,20,0,3,4620,57.8,8.6,291,36.8,6.9,3348,35.6,16.4,2.7,14.9,6.4,4.1,3.8,78.8,4620,4454,0,25,108,33
kittson,2014,35,1974,3617,1917,4423,20,6,20,0,3,4501,54.7,9.6,274,25.9,8.8,3234,34.4,17,4.2,21.9,6.3,4.2,3.6,77.9,4501,4401,0,15,70,15
koochiching,2002,36,6155,NA,NA,NA,NA,NA,NA,NA,NA,NA,NA,NA,NA,NA,NA,NA,NA,NA,NA,NA,NA,NA,NA,NA,NA,NA,NA,NA,NA,NA
koochiching,2006,36,5731,NA,NA,NA,NA,NA,NA,NA,NA,NA,NA,NA,NA,NA,NA,NA,NA,NA,NA,NA,NA,NA,NA,NA,NA,NA,NA,NA,NA,NA
koochiching,2010,36,5119,10889,6246,12332,97,427,63,0,1,13461,55.6,12.6,866,36.6,0.9,9710,39.6,13,3.3,22.4,6.1,4.4,4.9,78.6,13461,12661,53,177,327,243
koochiching,2014,36,5406,10852,6006,12332,97,427,63,0,1,13138,55.1,11,854,34.9,3.5,9639,36.6,13.8,4.6,30.9,6.1,4.3,4.7,79.9,13138,12240,0,253,339,306
lac qui parle,2002,37,4098,NA,NA,NA,NA,NA,NA,NA,NA,NA,NA,NA,NA,NA,NA,NA,NA,NA,NA,NA,NA,NA,NA,NA,NA,NA,NA,NA,NA,NA
lac qui parle,2006,37,3941,NA,NA,NA,NA,NA,NA,NA,NA,NA,NA,NA,NA,NA,NA,NA,NA,NA,NA,NA,NA,NA,NA,NA,NA,NA,NA,NA,NA,NA
lac qui parle,2010,37,3660,6015,3137,6885,34,26,62,0,9,7343,64.1,7.9,441,33.8,10,5358,38.8,12.9,3.3,19.6,6.3,3.8,4.1,79,7343,7238,0,12,31,62
lac qui parle,2014,37,2998,5835,3094,6885,34,26,62,0,9,7096,61.5,8.8,397,37.3,3.3,5213,38.9,14.6,4,19.3,6,3.6,4.2,79.1,7096,6942,0,13,87,54
lake,2002,38,6148,NA,NA,NA,NA,NA,NA,NA,NA,NA,NA,NA,NA,NA,NA,NA,NA,NA,NA,NA,NA,NA,NA,NA,NA,NA,NA,NA,NA,NA
lake,2006,38,6040,NA,NA,NA,NA,NA,NA,NA,NA,NA,NA,NA,NA,NA,NA,NA,NA,NA,NA,NA,NA,NA,NA,NA,NA,NA,NA,NA,NA,NA
lake,2010,38,5614,9143,5181,10478,11,30,0,0,46,10900,60.2,10.7,698,34.8,4.7,8167,37.8,14.2,5.9,16.3,5.5,4.4,4.5,81.3,10900,10609,0,91,138,62
lake,2014,38,5165,9062,5010,10478,11,30,0,0,46,10791,61.8,11.5,642,41,9,8152,35.8,14.5,8.7,17.2,4.9,4.2,5.2,81.5,10791,10564,0,42,89,96
lake of the woods,2002,39,2234,NA,NA,NA,NA,NA,NA,NA,NA,NA,NA,NA,NA,NA,NA,NA,NA,NA,NA,NA,NA,NA,NA,NA,NA,NA,NA,NA,NA,NA
lake of the woods,2006,39,1961,NA,NA,NA,NA,NA,NA,NA,NA,NA,NA,NA,NA,NA,NA,NA,NA,NA,NA,NA,NA,NA,NA,NA,NA,NA,NA,NA,NA,NA
lake of the woods,2010,39,1907,3397,1784,3767,35,15,27,0,0,4147,65.6,8.1,220,27.7,10.5,3042,35.1,14.8,3.8,8.6,6.7,3.1,4.2,78.7,4147,3960,15,70,91,11
lake of the woods,2014,39,1930,3320,1700,3767,35,15,27,0,0,3976,57.8,10.2,286,44.1,6.6,2908,43.4,12.9,3.3,6.7,6.6,4.1,2.5,80.3,3976,3832,0,55,45,44
le sueur,2002,40,12022,NA,NA,NA,NA,NA,NA,NA,NA,NA,NA,NA,NA,NA,NA,NA,NA,NA,NA,NA,NA,NA,NA,NA,NA,NA,NA,NA,NA,NA
le sueur,2006,40,11565,NA,NA,NA,NA,NA,NA,NA,NA,NA,NA,NA,NA,NA,NA,NA,NA,NA,NA,NA,NA,NA,NA,NA,NA,NA,NA,NA,NA,NA
le sueur,2010,40,11679,21406,10758,26493,162,106,145,0,478,27719,59.2,8.9,2035,33.9,7.3,18590,36.6,15.4,5.8,16.8,6.7,4.9,6,74.4,27719,26962,26,69,263,399
le sueur,2014,40,9788,21626,11007,26493,162,106,145,0,478,27717,59.3,8.6,1982,37.2,9,18876,34.6,15.6,6.1,18.8,6.3,5,5.5,75.3,27717,26941,5,95,227,449
lincoln,2002,41,3114,NA,NA,NA,NA,NA,NA,NA,NA,NA,NA,NA,NA,NA,NA,NA,NA,NA,NA,NA,NA,NA,NA,NA,NA,NA,NA,NA,NA,NA
lincoln,2006,41,2721,NA,NA,NA,NA,NA,NA,NA,NA,NA,NA,NA,NA,NA,NA,NA,NA,NA,NA,NA,NA,NA,NA,NA,NA,NA,NA,NA,NA,NA
lincoln,2010,41,2478,4781,2587,5676,28,8,12,0,71,5935,62.4,6.3,350,26.9,6,4275,42.2,13.7,4.1,18.1,5.8,4.2,4.7,77.9,5935,5816,10,15,35,59
lincoln,2014,41,2368,4682,2469,5676,28,8,12,0,71,5821,58.8,7.7,355,34.1,13.5,4180,41,16.1,3.5,27.5,5.5,4.2,4.5,77.9,5821,5755,6,6,36,18
lyon,2002,42,10154,NA,NA,NA,NA,NA,NA,NA,NA,NA,NA,NA,NA,NA,NA,NA,NA,NA,NA,NA,NA,NA,NA,NA,NA,NA,NA,NA,NA,NA
lyon,2006,42,9543,NA,NA,NA,NA,NA,NA,NA,NA,NA,NA,NA,NA,NA,NA,NA,NA,NA,NA,NA,NA,NA,NA,NA,NA,NA,NA,NA,NA,NA
lyon,2010,42,9002,20126,10263,23169,692,138,813,0,756,25606,52.8,5.7,3426,29.7,8.9,15972,31.3,18.4,7.3,25.3,8.3,9.4,7,75.8,25606,24269,0,84,391,862
lyon,2014,42,8423,20064,10076,23169,692,138,813,0,756,25724,50.8,7.7,3227,28.2,8.1,16227,34.7,19.8,7.4,24.8,7.6,8.9,6.8,75.6,25724,24252,0,39,394,1039
mahnomen,2002,44,2397,NA,NA,NA,NA,NA,NA,NA,NA,NA,NA,NA,NA,NA,NA,NA,NA,NA,NA,NA,NA,NA,NA,NA,NA,NA,NA,NA,NA,NA
mahnomen,2006,44,2256,NA,NA,NA,NA,NA,NA,NA,NA,NA,NA,NA,NA,NA,NA,NA,NA,NA,NA,NA,NA,NA,NA,NA,NA,NA,NA,NA,NA,NA
mahnomen,2010,44,1943,3986,1994,2691,33,2254,23,4,40,5359,48.6,11.6,428,49.3,0,3368,37.3,9.9,3.7,37.6,7.3,5.7,5.7,70.8,5359,5293,0,15,28,23
mahnomen,2014,44,1754,3969,2018,2691,33,2254,23,4,40,5486,46.6,10.7,425,39.8,3.3,3398,37.4,10.1,2.9,45.7,6,6,5,69.7,5486,5452,1,5,18,10
marshall,2002,45,4923,NA,NA,NA,NA,NA,NA,NA,NA,NA,NA,NA,NA,NA,NA,NA,NA,NA,NA,NA,NA,NA,NA,NA,NA,NA,NA,NA,NA,NA
marshall,2006,45,4474,NA,NA,NA,NA,NA,NA,NA,NA,NA,NA,NA,NA,NA,NA,NA,NA,NA,NA,NA,NA,NA,NA,NA,NA,NA,NA,NA,NA,NA
marshall,2010,45,4316,7648,4141,9223,32,43,15,0,35,9580,64.4,7.1,605,30.9,9.4,6744,38.3,12.8,3.2,15.9,6.8,4.1,4.9,76.7,9580,9336,0,37,95,112
marshall,2014,45,4164,7521,4072,9223,32,43,15,0,35,9447,60.6,9.3,618,31.9,4.5,6649,38.7,14.3,3.6,16.7,6.2,4.4,5.2,76.9,9447,9266,2,30,56,93
martin,2002,46,9679,NA,NA,NA,NA,NA,NA,NA,NA,NA,NA,NA,NA,NA,NA,NA,NA,NA,NA,NA,NA,NA,NA,NA,NA,NA,NA,NA,NA,NA
martin,2006,46,9069,NA,NA,NA,NA,NA,NA,NA,NA,NA,NA,NA,NA,NA,NA,NA,NA,NA,NA,NA,NA,NA,NA,NA,NA,NA,NA,NA,NA,NA
martin,2010,46,8827,16673,8982,20038,75,36,106,0,36,20865,58.5,9.4,1364,27.2,6.7,14726,35.3,12.6,4.9,13.1,6.3,4.6,4.6,77.1,20865,20423,0,111,132,199
martin,2014,46,7932,16570,8780,20038,75,36,106,0,36,20515,56.1,9.9,1384,27,5.4,14666,38,14,4,19.6,6,4.5,5,78.2,20515,20044,0,49,108,314
mcleod,2002,43,14503,NA,NA,NA,NA,NA,NA,NA,NA,NA,NA,NA,NA,NA,NA,NA,NA,NA,NA,NA,NA,NA,NA,NA,NA,NA,NA,NA,NA,NA
mcleod,2006,43,14762,NA,NA,NA,NA,NA,NA,NA,NA,NA,NA,NA,NA,NA,NA,NA,NA,NA,NA,NA,NA,NA,NA,NA,NA,NA,NA,NA,NA,NA
mcleod,2010,43,13525,28354,14510,34583,242,51,232,0,568,36789,60.5,8.8,2806,31.9,8.4,24513,36,13.3,5,9.5,6.6,5.4,6,74.3,36789,35626,0,114,509,540
mcleod,2014,43,12495,28317,14727,34583,242,51,232,0,568,36172,58.4,8.4,2692,32.7,10.4,24615,36.3,13.5,5.4,15.4,6.3,5.3,5.8,75.5,36172,34778,1,161,484,748
meeker,2002,47,10534,NA,NA,NA,NA,NA,NA,NA,NA,NA,NA,NA,NA,NA,NA,NA,NA,NA,NA,NA,NA,NA,NA,NA,NA,NA,NA,NA,NA,NA
meeker,2006,47,10546,NA,NA,NA,NA,NA,NA,NA,NA,NA,NA,NA,NA,NA,NA,NA,NA,NA,NA,NA,NA,NA,NA,NA,NA,NA,NA,NA,NA,NA
meeker,2010,47,9915,18039,9394,22554,101,75,86,9,84,23371,63.9,8.8,1698,41.9,4.4,15704,39.3,12,3.7,10.7,6.6,5,5.2,74.5,23371,22971,0,44,93,263
meeker,2014,47,9236,18089,9279,22554,101,75,86,9,84,23147,62,8.9,1592,36.9,4.5,15801,39,13.3,4.7,21.8,6.4,4.7,5.2,75.1,23147,22555,1,47,147,397
mille lacs,2002,48,10386,NA,NA,NA,NA,NA,NA,NA,NA,NA,NA,NA,NA,NA,NA,NA,NA,NA,NA,NA,NA,NA,NA,NA,NA,NA,NA,NA,NA,NA
mille lacs,2006,48,10397,NA,NA,NA,NA,NA,NA,NA,NA,NA,NA,NA,NA,NA,NA,NA,NA,NA,NA,NA,NA,NA,NA,NA,NA,NA,NA,NA,NA,NA
mille lacs,2010,48,10290,20164,10538,23601,169,1399,115,0,75,26075,54.4,10.9,1929,41.2,4,17420,38.8,11.2,3.6,20.8,7.2,5,6.3,74.2,26075,25652,15,46,219,143
mille lacs,2014,48,9032,20094,10249,23601,169,1399,115,0,75,25891,52.4,12.8,1871,35.6,8.9,17606,36.5,11.1,4.3,24.3,6.4,5.1,5.8,75.2,25891,25453,2,160,208,68
morrison,2002,49,14676,NA,NA,NA,NA,NA,NA,NA,NA,NA,NA,NA,NA,NA,NA,NA,NA,NA,NA,NA,NA,NA,NA,NA,NA,NA,NA,NA,NA,NA
morrison,2006,49,13869,NA,NA,NA,NA,NA,NA,NA,NA,NA,NA,NA,NA,NA,NA,NA,NA,NA,NA,NA,NA,NA,NA,NA,NA,NA,NA,NA,NA,NA
morrison,2010,49,12909,25879,13496,32167,123,59,161,0,100,33093,57.6,9.1,2611,42.7,7.1,22231,39.7,10,4.5,26.6,7,5.4,6,75.1,33093,32700,7,47,163,176
morrison,2014,49,13107,26034,13494,32167,123,59,161,0,100,33054,57.1,9.5,2435,37.5,4.4,22675,39.1,11.4,5,24,6.5,5.1,5.5,76,33054,32664,3,71,151,165
mower,2002,50,16489,NA,NA,NA,NA,NA,NA,NA,NA,NA,NA,NA,NA,NA,NA,NA,NA,NA,NA,NA,NA,NA,NA,NA,NA,NA,NA,NA,NA,NA
mower,2006,50,16223,NA,NA,NA,NA,NA,NA,NA,NA,NA,NA,NA,NA,NA,NA,NA,NA,NA,NA,NA,NA,NA,NA,NA,NA,NA,NA,NA,NA,NA
mower,2010,50,14365,30113,16018,36293,986,64,749,44,462,38855,54.3,10.4,3196,31.8,5.2,25932,34.5,11.6,4.3,31.4,6.7,5.9,5.8,75,38855,36090,6,101,472,2186
mower,2014,50,11931,30605,15511,36293,986,64,749,44,462,39312,53.3,10.5,3345,26,3.6,26085,32.9,13.2,4.7,36.6,6.7,6,5.4,74.9,39312,36307,13,190,950,1852
murray,2002,51,4767,NA,NA,NA,NA,NA,NA,NA,NA,NA,NA,NA,NA,NA,NA,NA,NA,NA,NA,NA,NA,NA,NA,NA,NA,NA,NA,NA,NA,NA
murray,2006,51,4359,NA,NA,NA,NA,NA,NA,NA,NA,NA,NA,NA,NA,NA,NA,NA,NA,NA,NA,NA,NA,NA,NA,NA,NA,NA,NA,NA,NA,NA
murray,2010,51,3818,7121,3831,8327,28,15,49,32,37,8779,63.5,6.6,511,32.3,6.1,6353,38.6,11.4,3.7,17.9,6.1,3.9,3.9,78.2,8779,8627,6,25,69,52
murray,2014,51,3580,6992,3768,8327,28,15,49,32,37,8586,61.7,9.3,531,33,7,6207,37.8,12.6,4.6,21.6,6.2,3.9,4.4,78.5,8586,8359,8,25,52,142
nicollet,2002,52,14651,NA,NA,NA,NA,NA,NA,NA,NA,NA,NA,NA,NA,NA,NA,NA,NA,NA,NA,NA,NA,NA,NA,NA,NA,NA,NA,NA,NA,NA
nicollet,2006,52,14492,NA,NA,NA,NA,NA,NA,NA,NA,NA,NA,NA,NA,NA,NA,NA,NA,NA,NA,NA,NA,NA,NA,NA,NA,NA,NA,NA,NA,NA
nicollet,2010,52,13380,25730,12150,30915,817,82,333,0,306,32271,50.8,7.6,5266,29.2,6.1,19696,26.6,22.8,10.9,29.3,8.9,11.3,6.6,77.4,32271,31194,26,110,506,435
nicollet,2014,52,11829,26322,12410,30915,817,82,333,0,306,32923,50.7,9,4513,15.1,6,21074,26.8,22,10.3,28.4,8.3,9,7.4,77.7,32923,31676,0,193,427,627
nobles,2002,53,8611,NA,NA,NA,NA,NA,NA,NA,NA,NA,NA,NA,NA,NA,NA,NA,NA,NA,NA,NA,NA,NA,NA,NA,NA,NA,NA,NA,NA,NA
nobles,2006,53,7657,NA,NA,NA,NA,NA,NA,NA,NA,NA,NA,NA,NA,NA,NA,NA,NA,NA,NA,NA,NA,NA,NA,NA,NA,NA,NA,NA,NA,NA
nobles,2010,53,6050,16302,8065,17811,860,53,1164,5,1316,21030,55.9,7,1964,32.2,3,13679,33.2,11.4,4.6,24.8,7.9,6,6.9,74.4,21030,17620,106,145,910,2249
nobles,2014,53,6109,16551,7838,17811,860,53,1164,5,1316,21589,54.1,7.1,2035,26.4,3.7,13941,33.6,10.6,3.8,19.8,7.8,5.9,6.3,74,21589,17368,7,147,1054,3013
norman,2002,54,3376,NA,NA,NA,NA,NA,NA,NA,NA,NA,NA,NA,NA,NA,NA,NA,NA,NA,NA,NA,NA,NA,NA,NA,NA,NA,NA,NA,NA,NA
norman,2006,54,2936,NA,NA,NA,NA,NA,NA,NA,NA,NA,NA,NA,NA,NA,NA,NA,NA,NA,NA,NA,NA,NA,NA,NA,NA,NA,NA,NA,NA,NA
norman,2010,54,2693,5413,2889,6292,29,125,34,12,51,6865,58.5,9.1,378,35.4,7.1,4826,40.7,12.3,2.5,19,6.6,3.6,4.6,75.8,6865,6730,7,39,51,38
norman,2014,54,2490,5388,2776,6292,29,125,34,12,51,6725,55.4,10.8,432,31.3,6.3,4734,39.3,12.3,2.4,21.5,7.1,4.2,4.1,76.8,6725,6605,3,30,54,33
olmsted,2002,55,53662,NA,NA,NA,NA,NA,NA,NA,NA,NA,NA,NA,NA,NA,NA,NA,NA,NA,NA,NA,NA,NA,NA,NA,NA,NA,NA,NA,NA,NA
olmsted,2006,55,56741,NA,NA,NA,NA,NA,NA,NA,NA,NA,NA,NA,NA,NA,NA,NA,NA,NA,NA,NA,NA,NA,NA,NA,NA,NA,NA,NA,NA,NA
olmsted,2010,55,55647,109314,56066,126696,7494,192,8271,10,1087,141244,58.3,8.4,11760,27.9,14.5,93614,23.8,23.7,15.5,20.4,6.4,6.1,7.7,74.6,141244,126922,135,882,6368,6937
olmsted,2014,55,50733,114388,57799,126696,7494,192,8271,10,1087,147431,55.6,9.4,11155,24.6,17.1,99495,21.6,23.9,16.3,25.7,6.1,5.4,7.6,75.1,147431,131424,297,1147,7235,7328
otter tail,2002,56,26500,NA,NA,NA,NA,NA,NA,NA,NA,NA,NA,NA,NA,NA,NA,NA,NA,NA,NA,NA,NA,NA,NA,NA,NA,NA,NA,NA,NA,NA
otter tail,2006,56,25290,NA,NA,NA,NA,NA,NA,NA,NA,NA,NA,NA,NA,NA,NA,NA,NA,NA,NA,NA,NA,NA,NA,NA,NA,NA,NA,NA,NA,NA
otter tail,2010,56,25178,46591,24691,55104,625,231,321,8,384,57539,61.1,8.5,4038,35.9,7.8,40774,34.7,14.5,5.2,25.6,6.6,4.7,4.8,77.9,57539,55755,47,210,485,1042
otter tail,2014,56,22325,46636,24163,55104,625,231,321,8,384,57417,61.1,9,3931,30.1,9.7,41180,31,16.6,7,22.6,6,4.7,4.7,78.6,57417,55663,56,308,456,934
pennington,2002,57,5607,NA,NA,NA,NA,NA,NA,NA,NA,NA,NA,NA,NA,NA,NA,NA,NA,NA,NA,NA,NA,NA,NA,NA,NA,NA,NA,NA,NA,NA
pennington,2006,57,5209,NA,NA,NA,NA,NA,NA,NA,NA,NA,NA,NA,NA,NA,NA,NA,NA,NA,NA,NA,NA,NA,NA,NA,NA,NA,NA,NA,NA,NA
pennington,2010,57,4802,10984,5720,13176,217,165,77,57,36,13862,53.2,11.5,1242,38.1,1.2,9318,35.8,10.1,5.3,22.6,6.4,6.4,6.7,76.2,13862,13544,26,35,181,76
pennington,2014,57,5183,11055,5822,13176,217,165,77,57,36,14041,50.2,10.5,1244,29.3,5.2,9495,33.5,11.7,5,20.1,6.4,6.4,6.9,76.5,14041,13624,27,54,148,188
pine,2002,58,11472,NA,NA,NA,NA,NA,NA,NA,NA,NA,NA,NA,NA,NA,NA,NA,NA,NA,NA,NA,NA,NA,NA,NA,NA,NA,NA,NA,NA,NA
pine,2006,58,11310,NA,NA,NA,NA,NA,NA,NA,NA,NA,NA,NA,NA,NA,NA,NA,NA,NA,NA,NA,NA,NA,NA,NA,NA,NA,NA,NA,NA,NA
pine,2010,58,10995,23468,11600,26878,663,754,182,12,180,29413,52.8,12.4,2075,41.3,4.9,20587,41.5,8.8,4.1,22.6,6.5,4.9,6.1,77,29413,28834,12,117,205,245
pine,2014,58,10504,23916,11616,26878,663,754,182,12,180,29347,52.6,13.6,2030,40.3,3.6,21075,43.1,8.5,4,19.2,5.6,5,5.7,78.7,29347,28582,60,123,324,258
pipestone,2002,59,4630,NA,NA,NA,NA,NA,NA,NA,NA,NA,NA,NA,NA,NA,NA,NA,NA,NA,NA,NA,NA,NA,NA,NA,NA,NA,NA,NA,NA,NA
pipestone,2006,59,4249,NA,NA,NA,NA,NA,NA,NA,NA,NA,NA,NA,NA,NA,NA,NA,NA,NA,NA,NA,NA,NA,NA,NA,NA,NA,NA,NA,NA,NA
pipestone,2010,59,3618,7399,3926,8808,97,103,94,12,140,9570,61,9,638,41.5,3.8,6519,34.8,10.8,4.7,25.5,6.6,4.5,4.7,74.8,9570,9243,0,24,112,191
pipestone,2014,59,3909,7366,3998,8808,97,103,94,12,140,9407,59.2,9.5,656,29.4,2.4,6439,34.9,12.7,5.3,24.6,6.4,4.8,5.1,75.4,9407,9101,7,23,122,154
polk,2002,60,12863,NA,NA,NA,NA,NA,NA,NA,NA,NA,NA,NA,NA,NA,NA,NA,NA,NA,NA,NA,NA,NA,NA,NA,NA,NA,NA,NA,NA,NA
polk,2006,60,12155,NA,NA,NA,NA,NA,NA,NA,NA,NA,NA,NA,NA,NA,NA,NA,NA,NA,NA,NA,NA,NA,NA,NA,NA,NA,NA,NA,NA,NA
polk,2010,60,10889,24912,12509,29286,358,291,235,14,636,31336,55,8.5,3307,34.7,2.5,20646,32,14.3,6.3,16.7,7.7,7.3,5.5,76.4,31336,30386,22,209,349,370
polk,2014,60,9885,25028,12642,29286,358,291,235,14,636,31630,53.2,9.8,3125,24.8,3.9,21062,31.3,15.1,6.2,20.7,7.1,6.9,6.2,76.5,31630,30609,80,151,300,490
pope,2002,61,5739,NA,NA,NA,NA,NA,NA,NA,NA,NA,NA,NA,NA,NA,NA,NA,NA,NA,NA,NA,NA,NA,NA,NA,NA,NA,NA,NA,NA,NA
pope,2006,61,5928,NA,NA,NA,NA,NA,NA,NA,NA,NA,NA,NA,NA,NA,NA,NA,NA,NA,NA,NA,NA,NA,NA,NA,NA,NA,NA,NA,NA,NA
pope,2010,61,5299,9068,4824,10722,55,47,33,0,16,11064,61.8,8.4,769,40.3,4.8,7967,38.5,13.6,4.7,14.2,6,4.9,5.2,79,11064,10938,22,40,57,7
pope,2014,61,4990,8903,4772,10722,55,47,33,0,16,10946,61.7,8.8,683,34.4,4.7,7925,34,15.4,5.2,13.8,5.7,4.4,5.3,78.6,10946,10807,17,38,71,13
ramsey,2002,62,227380,NA,NA,NA,NA,NA,NA,NA,NA,NA,NA,NA,NA,NA,NA,NA,NA,NA,NA,NA,NA,NA,NA,NA,NA,NA,NA,NA,NA,NA
ramsey,2006,62,209809,NA,NA,NA,NA,NA,NA,NA,NA,NA,NA,NA,NA,NA,NA,NA,NA,NA,NA,NA,NA,NA,NA,NA,NA,NA,NA,NA,NA,NA
ramsey,2010,62,192955,399917,203382,364112,57758,3338,66564,151,9346,503113,44.5,10,60760,25.8,14.4,324224,23.8,23.6,15.3,33,7.6,8.7,8.3,76.5,503113,434406,448,2710,28700,36849
ramsey,2014,62,181593,413165,206156,364112,57758,3338,66564,151,9346,521265,44.1,10.3,59318,24.6,15.1,340533,22.6,24.1,15.7,36.6,6.9,8.2,8.6,76.7,521265,441062,654,3515,35712,40322
red lake,2002,63,1946,NA,NA,NA,NA,NA,NA,NA,NA,NA,NA,NA,NA,NA,NA,NA,NA,NA,NA,NA,NA,NA,NA,NA,NA,NA,NA,NA,NA,NA
red lake,2006,63,1937,NA,NA,NA,NA,NA,NA,NA,NA,NA,NA,NA,NA,NA,NA,NA,NA,NA,NA,NA,NA,NA,NA,NA,NA,NA,NA,NA,NA,NA
red lake,2010,63,1620,3255,1751,3888,36,53,11,0,23,4094,61.4,8.3,275,45.5,8,2857,40.9,10.3,2.6,26.7,6.3,4.4,6.4,76.5,4094,4026,0,12,24,32
red lake,2014,63,1491,3171,1721,3888,36,53,11,0,23,4071,57.8,8.9,239,39.7,5.9,2830,40.6,12.9,3.2,25,5.4,4.1,5.1,75.4,4071,4006,0,13,19,33
redwood,2002,64,7110,NA,NA,NA,NA,NA,NA,NA,NA,NA,NA,NA,NA,NA,NA,NA,NA,NA,NA,NA,NA,NA,NA,NA,NA,NA,NA,NA,NA,NA
redwood,2006,64,6596,NA,NA,NA,NA,NA,NA,NA,NA,NA,NA,NA,NA,NA,NA,NA,NA,NA,NA,NA,NA,NA,NA,NA,NA,NA,NA,NA,NA,NA
redwood,2010,64,6125,12539,6661,14117,104,792,545,0,104,16069,58.6,9,1120,33.8,10.1,10955,38.5,12.8,3.7,20.6,7,4.6,4.8,75.1,16069,15668,12,54,135,200
redwood,2014,64,5578,12409,6463,14117,104,792,545,0,104,15834,55.8,10.9,1123,37.6,10,10848,38.4,12.7,3.6,25.6,6.7,4.5,5,75.6,15834,15372,41,39,151,231
renville,2002,65,7459,NA,NA,NA,NA,NA,NA,NA,NA,NA,NA,NA,NA,NA,NA,NA,NA,NA,NA,NA,NA,NA,NA,NA,NA,NA,NA,NA,NA,NA
renville,2006,65,6820,NA,NA,NA,NA,NA,NA,NA,NA,NA,NA,NA,NA,NA,NA,NA,NA,NA,NA,NA,NA,NA,NA,NA,NA,NA,NA,NA,NA,NA
renville,2010,65,6364,12735,6539,14550,108,134,83,0,339,16007,59.4,7.3,1133,35.6,4.2,11084,38.2,13.6,2.4,31.3,6.7,5,4.5,76.3,16007,15535,18,28,153,273
renville,2014,65,5783,12303,6378,14550,108,134,83,0,339,15326,58,9.5,1100,38.8,9.3,10782,37.7,12.5,3.2,21.4,6.3,5,4.7,77.5,15326,14898,4,23,162,239
rice,2002,66,25161,NA,NA,NA,NA,NA,NA,NA,NA,NA,NA,NA,NA,NA,NA,NA,NA,NA,NA,NA,NA,NA,NA,NA,NA,NA,NA,NA,NA,NA
rice,2006,66,24579,NA,NA,NA,NA,NA,NA,NA,NA,NA,NA,NA,NA,NA,NA,NA,NA,NA,NA,NA,NA,NA,NA,NA,NA,NA,NA,NA,NA,NA
rice,2010,66,23478,49882,22213,58410,2297,289,1335,64,1370,63087,50.5,8.8,9430,25.4,5.1,38539,33.2,17.1,9.9,23.8,9.4,9.9,5.8,76,63087,58939,6,314,1271,2557
rice,2014,66,21583,51740,22498,58410,2297,289,1335,64,1370,64829,50,8.9,9771,17.8,4,40278,31,17.5,10.1,28.1,9.1,9.9,5.4,77.2,64829,60019,78,322,1295,3115
rock,2002,67,4597,NA,NA,NA,NA,NA,NA,NA,NA,NA,NA,NA,NA,NA,NA,NA,NA,NA,NA,NA,NA,NA,NA,NA,NA,NA,NA,NA,NA,NA
rock,2006,67,4213,NA,NA,NA,NA,NA,NA,NA,NA,NA,NA,NA,NA,NA,NA,NA,NA,NA,NA,NA,NA,NA,NA,NA,NA,NA,NA,NA,NA,NA
rock,2010,67,3706,7444,3885,9282,45,106,89,0,21,9606,60.5,8.1,672,29.3,6.4,6471,38.2,12,4.8,18.9,6.7,4.7,5,74.4,9606,9454,15,25,53,59
rock,2014,67,3195,7476,3933,9282,45,106,89,0,21,9587,58.8,9.4,619,35.2,5.7,6562,41.2,13,5,32.5,6.7,4.1,4.6,74.9,9587,9392,1,8,63,123
roseau,2002,68,6497,NA,NA,NA,NA,NA,NA,NA,NA,NA,NA,NA,NA,NA,NA,NA,NA,NA,NA,NA,NA,NA,NA,NA,NA,NA,NA,NA,NA,NA
roseau,2006,68,6439,NA,NA,NA,NA,NA,NA,NA,NA,NA,NA,NA,NA,NA,NA,NA,NA,NA,NA,NA,NA,NA,NA,NA,NA,NA,NA,NA,NA,NA
roseau,2010,68,6683,12148,6331,14618,92,156,412,0,29,15864,59.4,10.2,1071,45.1,4.7,10529,40.9,13.8,2.6,18,7.5,4.4,4.8,73.1,15864,15417,0,97,205,145
roseau,2014,68,5461,12220,6351,14618,92,156,412,0,29,15545,59,10,1090,43.5,3,10512,38.2,13.7,4.3,12.4,7.6,4.6,4.6,74.6,15545,15019,0,55,252,219
scott,2002,70,45225,NA,NA,NA,NA,NA,NA,NA,NA,NA,NA,NA,NA,NA,NA,NA,NA,NA,NA,NA,NA,NA,NA,NA,NA,NA,NA,NA,NA,NA
scott,2006,70,47132,NA,NA,NA,NA,NA,NA,NA,NA,NA,NA,NA,NA,NA,NA,NA,NA,NA,NA,NA,NA,NA,NA,NA,NA,NA,NA,NA,NA,NA
scott,2010,70,47991,91854,43814,116503,3938,995,7801,166,2008,126139,62,9.1,8269,32.6,9.3,79509,24.8,26.6,9.4,14.7,6.7,4.5,6.4,69.6,126139,115106,48,589,5051,5345
scott,2014,70,45324,99801,46214,116503,3938,995,7801,166,2008,135129,61.2,8.9,9416,30,14,85951,23.7,28,10.3,21.1,7,4.7,5.8,70.6,135129,122542,74,817,6051,5645
sherburne,2002,71,30012,NA,NA,NA,NA,NA,NA,NA,NA,NA,NA,NA,NA,NA,NA,NA,NA,NA,NA,NA,NA,NA,NA,NA,NA,NA,NA,NA,NA,NA
sherburne,2006,71,32046,NA,NA,NA,NA,NA,NA,NA,NA,NA,NA,NA,NA,NA,NA,NA,NA,NA,NA,NA,NA,NA,NA,NA,NA,NA,NA,NA,NA,NA
sherburne,2010,71,33092,63815,29224,84576,1809,484,1032,20,236,86823,59.8,8.6,7426,36.5,6.4,53722,29.9,17.3,6.9,13.8,7.2,6,6.9,70.4,86823,84324,32,300,1016,1151
sherburne,2014,71,30638,67220,30283,84576,1809,484,1032,20,236,89770,58.1,9.4,7570,34.5,6.6,56954,26.2,18.7,7.5,9.1,7.3,5.8,6.4,71.9,89770,87128,14,277,1097,1254
sibley,2002,72,7204,NA,NA,NA,NA,NA,NA,NA,NA,NA,NA,NA,NA,NA,NA,NA,NA,NA,NA,NA,NA,NA,NA,NA,NA,NA,NA,NA,NA,NA
sibley,2006,72,6397,NA,NA,NA,NA,NA,NA,NA,NA,NA,NA,NA,NA,NA,NA,NA,NA,NA,NA,NA,NA,NA,NA,NA,NA,NA,NA,NA,NA,NA
sibley,2010,72,6014,11793,6117,14648,47,25,106,0,122,15219,60.3,8.6,1042,33,10.3,10273,41.8,10.6,2.8,21.3,6.9,4.6,5.3,74.3,15219,14617,0,45,126,431
sibley,2014,72,6086,11750,6025,14648,47,25,106,0,122,15096,58,7.6,1061,39.5,8,10265,41.2,12.4,3.4,18.3,6.4,4.9,5.2,75,15096,14435,0,22,237,402
stearns,2002,73,57951,NA,NA,NA,NA,NA,NA,NA,NA,NA,NA,NA,NA,NA,NA,NA,NA,NA,NA,NA,NA,NA,NA,NA,NA,NA,NA,NA,NA,NA
stearns,2006,73,57589,NA,NA,NA,NA,NA,NA,NA,NA,NA,NA,NA,NA,NA,NA,NA,NA,NA,NA,NA,NA,NA,NA,NA,NA,NA,NA,NA,NA,NA
stearns,2010,73,55815,117774,56365,138837,5373,583,2958,23,1676,147927,52.5,7.2,24073,14.7,6.3,89467,31.2,16,7.6,21.9,9,11.3,6.8,76.8,147927,141558,61,498,2204,3606
stearns,2014,73,51662,120610,56750,138837,5373,583,2958,23,1676,151728,50.2,7.9,23860,15.1,7.3,93091,30.2,17.4,8.1,22.9,8.6,10.9,6.5,77.1,151728,143755,92,524,3080,4277
steele,2002,74,15819,NA,NA,NA,NA,NA,NA,NA,NA,NA,NA,NA,NA,NA,NA,NA,NA,NA,NA,NA,NA,NA,NA,NA,NA,NA,NA,NA,NA,NA
steele,2006,74,15358,NA,NA,NA,NA,NA,NA,NA,NA,NA,NA,NA,NA,NA,NA,NA,NA,NA,NA,NA,NA,NA,NA,NA,NA,NA,NA,NA,NA,NA
steele,2010,74,14850,27974,14138,33620,881,30,319,0,952,36434,59.8,8.6,2593,38.6,7.1,24202,35.6,15.8,6.2,18.2,6.6,5.1,6.2,73.5,36434,34954,0,174,681,625
steele,2014,74,12645,28200,14339,33620,881,30,319,0,952,36472,56.3,10.8,2703,37.8,9.1,24349,36,18.2,6.6,22,6.5,5.4,5.9,74.2,36472,34595,0,446,790,641
stevens,2002,75,5492,NA,NA,NA,NA,NA,NA,NA,NA,NA,NA,NA,NA,NA,NA,NA,NA,NA,NA,NA,NA,NA,NA,NA,NA,NA,NA,NA,NA,NA
stevens,2006,75,4832,NA,NA,NA,NA,NA,NA,NA,NA,NA,NA,NA,NA,NA,NA,NA,NA,NA,NA,NA,NA,NA,NA,NA,NA,NA,NA,NA,NA,NA
stevens,2010,75,4435,7993,3725,9017,65,146,170,27,124,9711,48.6,7.2,1879,26.1,6.6,5839,37.4,15.2,8.4,15.4,9.7,13.2,5.1,79.5,9711,9357,0,30,72,252
stevens,2014,75,4284,7929,3665,9017,65,146,170,27,124,9748,51.1,7.8,1962,21.4,3.9,5720,29,17.9,8.4,20.2,10.2,13.3,5.5,78.8,9748,9320,1,75,145,207
st. louis,2002,69,96696,NA,NA,NA,NA,NA,NA,NA,NA,NA,NA,NA,NA,NA,NA,NA,NA,NA,NA,NA,NA,NA,NA,NA,NA,NA,NA,NA,NA,NA
st. louis,2006,69,90517,NA,NA,NA,NA,NA,NA,NA,NA,NA,NA,NA,NA,NA,NA,NA,NA,NA,NA,NA,NA,NA,NA,NA,NA,NA,NA,NA,NA,NA
st. louis,2010,69,85295,164849,86561,186183,3098,4347,1881,43,382,199472,49.9,11.1,25983,23.9,9.4,133796,30.5,17.6,8.1,21.6,7.8,9,5.5,80.1,199472,194758,67,857,2167,1623
st. louis,2014,69,81928,166296,85033,186183,3098,4347,1881,43,382,200563,47.8,11.9,25559,20.4,9.5,136001,29.7,18.1,8.3,27.1,7.1,9,6,80.6,200563,195338,118,898,2556,1653
swift,2002,76,5126,NA,NA,NA,NA,NA,NA,NA,NA,NA,NA,NA,NA,NA,NA,NA,NA,NA,NA,NA,NA,NA,NA,NA,NA,NA,NA,NA,NA,NA
swift,2006,76,4743,NA,NA,NA,NA,NA,NA,NA,NA,NA,NA,NA,NA,NA,NA,NA,NA,NA,NA,NA,NA,NA,NA,NA,NA,NA,NA,NA,NA,NA
swift,2010,76,4522,8038,4190,9265,114,37,29,0,71,9946,56.4,8.9,644,43.5,2.5,7074,41.5,10.5,4.7,21.2,7.2,4.1,5.6,77.6,9946,9698,4,38,63,143
swift,2014,76,4159,7823,4230,9265,114,37,29,0,71,9602,57.9,8.5,723,36.7,8,6836,38.6,12.1,4.5,17.5,6.2,5.3,4.8,78.7,9602,9375,15,22,48,142
todd,2002,77,10668,NA,NA,NA,NA,NA,NA,NA,NA,NA,NA,NA,NA,NA,NA,NA,NA,NA,NA,NA,NA,NA,NA,NA,NA,NA,NA,NA,NA,NA
todd,2006,77,10327,NA,NA,NA,NA,NA,NA,NA,NA,NA,NA,NA,NA,NA,NA,NA,NA,NA,NA,NA,NA,NA,NA,NA,NA,NA,NA,NA,NA,NA
todd,2010,77,9395,19504,10065,23310,90,88,85,0,657,24804,62.7,9,2023,38.8,2.3,16606,38,8.7,3.5,23,7.5,5.5,5,75.1,24804,23824,0,141,199,640
todd,2014,77,8959,19350,9951,23310,90,88,85,0,657,24588,58.9,9.6,1894,26.9,3.9,16703,37.2,10.1,3.8,23.9,7.1,5.1,4.9,75.6,24588,23624,3,104,283,574
traverse,2002,78,1959,NA,NA,NA,NA,NA,NA,NA,NA,NA,NA,NA,NA,NA,NA,NA,NA,NA,NA,NA,NA,NA,NA,NA,NA,NA,NA,NA,NA,NA
traverse,2006,78,1905,NA,NA,NA,NA,NA,NA,NA,NA,NA,NA,NA,NA,NA,NA,NA,NA,NA,NA,NA,NA,NA,NA,NA,NA,NA,NA,NA,NA,NA
traverse,2010,78,1807,3002,1636,3218,6,157,0,0,8,3657,59.9,7.5,203,28.6,8.4,2677,40.6,12,2.7,19.3,6.5,3.6,5.3,78.8,3657,3577,0,0,35,45
traverse,2014,78,1564,2844,1534,3218,6,157,0,0,8,3455,61.3,8.9,198,16.7,14.1,2523,36.3,12.3,4.5,25.5,6.5,4.1,3.7,78.8,3455,3398,0,9,31,17
wabasha,2002,79,10233,NA,NA,NA,NA,NA,NA,NA,NA,NA,NA,NA,NA,NA,NA,NA,NA,NA,NA,NA,NA,NA,NA,NA,NA,NA,NA,NA,NA,NA
wabasha,2006,79,9485,NA,NA,NA,NA,NA,NA,NA,NA,NA,NA,NA,NA,NA,NA,NA,NA,NA,NA,NA,NA,NA,NA,NA,NA,NA,NA,NA,NA,NA
wabasha,2010,79,9028,17225,8799,20995,91,45,65,0,65,21743,59.5,9.7,1565,40.3,9.3,15010,40.3,12.7,5.2,22.7,6.9,5,5.1,76.2,21743,21304,15,72,188,164
wabasha,2014,79,8469,17177,8929,20995,91,45,65,0,65,21485,61.4,9.5,1483,41.2,6.5,15117,39.4,14.7,6,14.9,6.3,4.7,5.2,77.3,21485,21066,28,84,111,196
wadena,2002,80,6138,NA,NA,NA,NA,NA,NA,NA,NA,NA,NA,NA,NA,NA,NA,NA,NA,NA,NA,NA,NA,NA,NA,NA,NA,NA,NA,NA,NA,NA
wadena,2006,80,5974,NA,NA,NA,NA,NA,NA,NA,NA,NA,NA,NA,NA,NA,NA,NA,NA,NA,NA,NA,NA,NA,NA,NA,NA,NA,NA,NA,NA,NA
wadena,2010,80,5474,10984,5959,13283,141,136,39,0,11,13809,57.8,10.9,1014,41.8,3.5,9548,37.1,9.6,5.2,32.7,7.4,4.6,4.8,76.5,13809,13615,0,60,44,90
wadena,2014,80,5157,10840,5737,13283,141,136,39,0,11,13754,53.5,12.7,998,27.2,4.8,9446,38.8,8.9,4,28.8,6.4,5,4.8,75.9,13754,13468,0,120,114,52
waseca,2002,81,8697,NA,NA,NA,NA,NA,NA,NA,NA,NA,NA,NA,NA,NA,NA,NA,NA,NA,NA,NA,NA,NA,NA,NA,NA,NA,NA,NA,NA,NA
waseca,2006,81,8171,NA,NA,NA,NA,NA,NA,NA,NA,NA,NA,NA,NA,NA,NA,NA,NA,NA,NA,NA,NA,NA,NA,NA,NA,NA,NA,NA,NA,NA
waseca,2010,81,7937,15225,7284,17963,454,115,152,0,105,19168,55.5,8.3,1435,33,7.3,13193,39.3,13,5.3,10.4,6.5,5.1,6.9,76.3,19168,18607,16,57,89,399
waseca,2014,81,6616,15101,7405,17963,454,115,152,0,105,19127,57.3,8.9,1294,43.4,4,13266,36,15,4.9,18.8,5.8,5,6.5,76.1,19127,18220,10,130,222,545
washington,2002,82,104759,NA,NA,NA,NA,NA,NA,NA,NA,NA,NA,NA,NA,NA,NA,NA,NA,NA,NA,NA,NA,NA,NA,NA,NA,NA,NA,NA,NA,NA
washington,2006,82,104853,NA,NA,NA,NA,NA,NA,NA,NA,NA,NA,NA,NA,NA,NA,NA,NA,NA,NA,NA,NA,NA,NA,NA,NA,NA,NA,NA,NA,NA
washington,2010,82,103725,176914,86315,213514,9044,870,12576,110,1788,232536,60.1,9.3,17299,30.2,11.9,151939,23.6,27.3,12.7,14,7.2,5.2,5.9,72.8,232536,216901,192,1187,8226,6030
washington,2014,82,96276,188788,89898,213514,9044,870,12576,110,1788,244103,58,9.5,18461,27.5,12.5,162638,22.2,27.5,13.8,12.5,7.1,5.2,5.8,74.2,244103,227827,71,1286,9633,5286
watonwan,2002,83,5034,NA,NA,NA,NA,NA,NA,NA,NA,NA,NA,NA,NA,NA,NA,NA,NA,NA,NA,NA,NA,NA,NA,NA,NA,NA,NA,NA,NA,NA
watonwan,2006,83,4609,NA,NA,NA,NA,NA,NA,NA,NA,NA,NA,NA,NA,NA,NA,NA,NA,NA,NA,NA,NA,NA,NA,NA,NA,NA,NA,NA,NA,NA
watonwan,2010,83,4282,8756,4399,10425,83,49,82,22,336,11212,53.1,10,843,34,3.2,7581,37.2,11.3,3.7,16.3,7.1,5.1,5.6,75.1,11212,9812,0,60,156,1184
watonwan,2014,83,3734,8651,4499,10425,83,49,82,22,336,11151,56.5,8.2,849,36.3,5.2,7546,37.7,13.1,3.6,17.4,6.5,5.4,5.3,75.3,11151,9803,0,139,199,1010
wilkin,2002,84,2915,NA,NA,NA,NA,NA,NA,NA,NA,NA,NA,NA,NA,NA,NA,NA,NA,NA,NA,NA,NA,NA,NA,NA,NA,NA,NA,NA,NA,NA
wilkin,2006,84,2830,NA,NA,NA,NA,NA,NA,NA,NA,NA,NA,NA,NA,NA,NA,NA,NA,NA,NA,NA,NA,NA,NA,NA,NA,NA,NA,NA,NA,NA
wilkin,2010,84,2458,5235,2779,6370,24,62,10,0,4,6636,61.3,10.7,457,48.6,1.1,4589,30.9,13,5.4,28.8,7.1,4.6,4.6,76,6636,6577,2,19,22,16
wilkin,2014,84,2354,5177,2763,6370,24,62,10,0,4,6561,58.4,11.2,433,28.4,5.5,4582,31,12.6,3.8,33.2,6.5,4.4,4.6,76.4,6561,6519,2,18,16,6
winona,2002,85,20235,NA,NA,NA,NA,NA,NA,NA,NA,NA,NA,NA,NA,NA,NA,NA,NA,NA,NA,NA,NA,NA,NA,NA,NA,NA,NA,NA,NA,NA
winona,2006,85,19926,NA,NA,NA,NA,NA,NA,NA,NA,NA,NA,NA,NA,NA,NA,NA,NA,NA,NA,NA,NA,NA,NA,NA,NA,NA,NA,NA,NA,NA
winona,2010,85,18455,42298,19414,48280,683,182,1268,24,381,51304,47,7.4,11044,24.9,6.5,30060,30.7,15.8,9.3,15.7,10.7,14.4,6.1,80.1,51304,49412,5,244,718,925
winona,2014,85,16029,42855,19081,48280,683,182,1268,24,381,51285,45.5,7.1,10765,27.8,7.2,30962,30.1,17.8,9.7,17.8,9.9,14.4,6,81.4,51285,49127,9,205,847,1097
wright,2002,86,45167,NA,NA,NA,NA,NA,NA,NA,NA,NA,NA,NA,NA,NA,NA,NA,NA,NA,NA,NA,NA,NA,NA,NA,NA,NA,NA,NA,NA,NA
wright,2006,86,47727,NA,NA,NA,NA,NA,NA,NA,NA,NA,NA,NA,NA,NA,NA,NA,NA,NA,NA,NA,NA,NA,NA,NA,NA,NA,NA,NA,NA,NA
wright,2010,86,48199,88182,44413,120515,1330,535,1401,3,1418,120764,62.4,8.5,8266,41.8,10.3,76203,33.9,18.2,5.6,13.5,6.9,4.7,6.8,69.9,120764,117120,62,347,1450,1785
wright,2014,86,45007,93690,45064,120515,1330,535,1401,3,1418,127386,60.4,8.9,8819,30.5,9.2,81273,29.5,20.4,7,12.9,6.9,4.6,6,70.7,127386,123560,32,351,2146,1297
yellow medicine,2002,87,4883,NA,NA,NA,NA,NA,NA,NA,NA,NA,NA,NA,NA,NA,NA,NA,NA,NA,NA,NA,NA,NA,NA,NA,NA,NA,NA,NA,NA,NA
yellow medicine,2006,87,4880,NA,NA,NA,NA,NA,NA,NA,NA,NA,NA,NA,NA,NA,NA,NA,NA,NA,NA,NA,NA,NA,NA,NA,NA,NA,NA,NA,NA,NA
yellow medicine,2010,87,4174,8374,4213,9534,28,340,44,0,104,10514,60.3,6.9,833,29.8,1.2,7203,38,13.4,5.1,18.9,7.5,5.4,4.8,76.4,10514,10352,0,19,48,95
yellow medicine,2014,87,4019,8176,4193,9534,28,340,44,0,104,10233,58.7,8.1,731,38.3,4.2,7098,38.9,13.1,4.2,31.6,6.7,5,5.6,76.5,10233,10043,5,16,82,87
