"","CTYNAME","YEAR","TOTALMALE","TOTALFEMALE","AGE2024_TOTAL","AGE2024_MALE","AGE2024_FEMALE","AGE2529_TOTAL","AGE2529_MALE","AGE2529_FEMALE","AGE18ABOVE"
"1","Anoka County, Minnesota",2006,"164087","162918","6.4","6.7","6.0","7.2","7.7","6.7","73.5"
"2","Carver County, Minnesota",2006,"43598","43947","7.6","8.0","7.2","7.8","7.5","8.1","72.2"
"3","Dakota County, Minnesota",2006,"191904","196097","6.2","6.3","6.2","6.6","6.5","6.7","73.1"
"4","Hennepin County, Minnesota",2006,"557544","564549","6.2","6.4","5.9","6.0","6.2","5.7","76.1"
"5","Olmsted County, Minnesota",2006,"68122","69399","6.3","6.4","6.2","6.8","6.7","6.9","74.5"
"6","Ramsey County, Minnesota",2006,"238626","254589","6.8","6.8","6.7","5.9","6.2","5.5","74.9"
"7","St. Louis County, Minnesota",2006,"96982","99085","8.9","9.4","8.4","5.7","6.5","5.0","80.1"
"8","Scott County, Minnesota",2006,"61992","62100","6.5","6.5","6.4","8.7","8.6","8.7","71.3"
"9","Sherburne County, Minnesota",2006,"42663","42332","8.2","8.3","8.0","9.9","9.6","10.2","72.8"
"10","Stearns County, Minnesota",2006,"73056","71040","11.4","11.4","11.3","7.3","7.9","6.6","77.1"
"11","Washington County, Minnesota",2006,"112465","112535","6.9","7.0","6.9","6.2","6.6","5.8","73.8"
"12","Wright County, Minnesota",2006,"57444","57343","7.0","6.9","7.0","9.1","8.9","9.3","72.5"
"13","Anoka County, Minnesota",2008,"165644","161446","6.1","6.3","6.0","7.2","7.4","6.9","74.0"
"14","Carver County, Minnesota",2008,"45149","44894","6.5","6.3","6.6","8.1","9.0","7.2","71.9"
"15","Dakota County, Minnesota",2008,"194384","198371","6.1","6.6","5.6","6.6","6.4","6.8","73.6"
"16","Hennepin County, Minnesota",2008,"567566","573422","6.4","6.6","6.2","6.0","6.3","5.7","76.6"
"17","Olmsted County, Minnesota",2008,"70516","70844","5.9","6.2","5.6","7.4","7.5","7.3","74.6"
"18","Ramsey County, Minnesota",2008,"242999","258429","7.2","7.2","7.2","5.7","6.2","5.3","75.7"
"19","St. Louis County, Minnesota",2008,"97189","99675","9.0","9.2","8.8","6.4","6.7","6.2","80.7"
"20","Scott County, Minnesota",2008,"64336","64601","5.9","6.0","5.9","7.8","7.7","8.0","70.3"
"21","Sherburne County, Minnesota",2008,"43475","44185","6.9","7.2","6.6","9.7","9.3","10.1","72.2"
"22","Stearns County, Minnesota",2008,"74007","73069","11.6","11.9","11.4","7.6","8.1","7.1","77.7"
"23","Washington County, Minnesota",2008,"114238","114935","6.2","6.2","6.2","7.3","8.1","6.6","74.0"
"24","Wright County, Minnesota",2008,"60905","58796","5.9","5.7","6.1","9.1","9.1","9.1","71.6"
"25","Aitkin County, Minnesota",2010,"8362","7963","3.4","3.5","3.4","3.9","4.1","3.8","81.9"
"26","Anoka County, Minnesota",2010,"163783","163761","5.7","5.9","5.5","6.6","6.7","6.4","73.4"
"27","Becker County, Minnesota",2010,"16097","16177","4.9","5.0","4.8","5.2","5.4","5.0","75.5"
"28","Beltrami County, Minnesota",2010,"21913","21868","10.3","10.9","9.7","6.7","6.7","6.7","74.6"
"29","Benton County, Minnesota",2010,"19097","19051","8.4","8.3","8.5","9.0","9.3","8.6","74.9"
"30","Big Stone County, Minnesota",2010,"2639","2685","4.1","4.5","3.7","4.2","4.5","3.9","78.9"
"31","Blue Earth County, Minnesota",2010,"31360","31359","17.2","17.7","16.7","7.5","8.6","6.3","80.6"
"32","Brown County, Minnesota",2010,"12929","13101","6.6","7.1","6.0","5.1","5.4","4.7","77.6"
"33","Carlton County, Minnesota",2010,"18168","16790","5.2","5.4","4.9","5.5","6.1","4.9","76.1"
"34","Carver County, Minnesota",2010,"44356","44312","4.6","4.9","4.2","5.5","5.4","5.7","69.8"
"35","Cass County, Minnesota",2010,"14636","14012","4.5","4.9","4.1","4.6","4.6","4.7","77.9"
"36","Chippewa County, Minnesota",2010,"6088","6338","5.1","5.5","4.8","5.2","5.5","5.0","76.1"
"37","Chisago County, Minnesota",2010,"27410","25434","5.1","6.0","4.2","5.9","6.2","5.6","73.7"
"38","Clay County, Minnesota",2010,"28099","28990","11.0","11.9","10.1","6.4","6.9","5.9","76.9"
"39","Clearwater County, Minnesota",2010,"4408","4185","4.8","5.3","4.3","5.2","5.4","4.9","75.7"
"40","Cook County, Minnesota",2010,"2576","2635","4.2","5.4","3.0","5.2","4.1","6.2","82.8"
"41","Cottonwood County, Minnesota",2010,"5725","5987","4.1","4.7","3.6","5.9","5.8","5.9","75.6"
"42","Crow Wing County, Minnesota",2010,"30818","31018","5.2","5.1","5.3","5.7","6.0","5.5","76.5"
"43","Dakota County, Minnesota",2010,"193301","200079","5.7","5.8","5.5","6.9","7.0","6.9","73.2"
"44","Dodge County, Minnesota",2010,"9869","9960","4.6","4.8","4.4","6.2","6.5","5.8","70.9"
"45","Douglas County, Minnesota",2010,"17945","17964","6.1","6.8","5.4","6.0","6.3","5.6","78.2"
"46","Faribault County, Minnesota",2010,"7334","7485","4.8","5.3","4.3","4.6","4.8","4.4","77.7"
"47","Fillmore County, Minnesota",2010,"10391","10587","4.8","5.1","4.6","5.2","5.4","5.0","75.4"
"48","Freeborn County, Minnesota",2010,"15645","15742","4.9","5.4","4.4","5.3","5.4","5.3","77.9"
"49","Goodhue County, Minnesota",2010,"22823","23107","5.1","5.3","5.0","5.4","5.5","5.2","76.0"
"50","Grant County, Minnesota",2010,"3049","3033","4.7","4.9","4.5","5.1","5.7","4.6","78.4"
"51","Hennepin County, Minnesota",2010,"558750","577772","7.4","7.5","7.3","8.7","8.8","8.5","77.1"
"52","Houston County, Minnesota",2010,"9433","9793","4.6","4.9","4.3","5.0","5.4","4.6","76.1"
"53","Hubbard County, Minnesota",2010,"10151","10054","4.0","4.2","3.8","4.4","4.5","4.2","77.8"
"54","Isanti County, Minnesota",2010,"19037","18645","5.9","6.1","5.7","6.6","6.7","6.5","73.4"
"55","Itasca County, Minnesota",2010,"22509","22326","4.8","5.0","4.6","4.9","5.1","4.8","78.0"
"56","Jackson County, Minnesota",2010,"5230","5173","4.8","5.5","4.0","4.7","4.9","4.4","77.3"
"57","Kanabec County, Minnesota",2010,"8279","8100","4.8","5.0","4.5","5.1","5.4","4.8","75.8"
"58","Kandiyohi County, Minnesota",2010,"21072","20797","6.7","7.1","6.3","5.9","6.3","5.5","75.8"
"59","Kittson County, Minnesota",2010,"2339","2281","4.1","4.1","4.1","3.8","4.2","3.3","78.8"
"60","Koochiching County, Minnesota",2010,"6722","6739","4.4","5.0","3.7","4.9","4.6","5.2","78.6"
"61","Lac qui Parle County, Minnesota",2010,"3669","3674","3.8","4.4","3.2","4.1","4.9","3.3","79.0"
"62","Lake County, Minnesota",2010,"5487","5413","4.4","4.6","4.3","4.5","4.8","4.2","81.3"
"63","Lake of the Woods County, Minnesota",2010,"2150","1997","3.1","3.0","3.2","4.2","4.1","4.3","78.7"
"64","Le Sueur County, Minnesota",2010,"13976","13743","4.9","4.9","5.0","6.0","6.4","5.6","74.4"
"65","Lincoln County, Minnesota",2010,"2959","2976","4.2","4.8","3.6","4.7","4.9","4.5","77.9"
"66","Lyon County, Minnesota",2010,"12673","12933","9.4","9.3","9.6","7.0","7.9","6.2","75.8"
"67","McLeod County, Minnesota",2010,"18432","18357","5.4","5.6","5.2","6.0","6.5","5.4","74.3"
"68","Mahnomen County, Minnesota",2010,"2707","2652","5.7","4.6","6.7","5.7","6.2","5.2","70.8"
"69","Marshall County, Minnesota",2010,"4887","4693","4.1","4.2","4.0","4.9","5.3","4.5","76.7"
"70","Martin County, Minnesota",2010,"10267","10598","4.6","4.9","4.3","4.6","4.7","4.5","77.1"
"71","Meeker County, Minnesota",2010,"11808","11563","5.0","5.4","4.5","5.2","5.2","5.2","74.5"
"72","Mille Lacs County, Minnesota",2010,"13003","13072","5.0","4.9","5.2","6.3","6.6","6.0","74.2"
"73","Morrison County, Minnesota",2010,"16687","16406","5.4","5.6","5.2","6.0","6.4","5.6","75.1"
"74","Mower County, Minnesota",2010,"19234","19621","5.9","6.4","5.4","5.8","6.3","5.4","75.0"
"75","Murray County, Minnesota",2010,"4362","4417","3.9","4.1","3.7","3.9","4.1","3.6","78.2"
"76","Nicollet County, Minnesota",2010,"16248","16023","11.3","11.1","11.5","6.6","7.2","6.0","77.4"
"77","Nobles County, Minnesota",2010,"10724","10306","6.0","5.9","6.1","6.9","8.1","5.8","74.4"
"78","Norman County, Minnesota",2010,"3419","3446","3.6","3.7","3.5","4.6","5.0","4.1","75.8"
"79","Olmsted County, Minnesota",2010,"69157","72087","6.1","6.0","6.3","7.7","7.7","7.8","74.6"
"80","Otter Tail County, Minnesota",2010,"28764","28775","4.7","4.9","4.6","4.8","5.0","4.6","77.9"
"81","Pennington County, Minnesota",2010,"6866","6996","6.4","6.7","6.1","6.7","7.4","6.1","76.2"
"82","Pine County, Minnesota",2010,"15520","13893","4.9","5.2","4.7","6.1","6.7","5.3","77.0"
"83","Pipestone County, Minnesota",2010,"4652","4918","4.5","4.6","4.5","4.7","5.2","4.2","74.8"
"84","Polk County, Minnesota",2010,"15712","15624","7.3","8.1","6.5","5.5","5.8","5.3","76.4"
"85","Pope County, Minnesota",2010,"5592","5472","4.9","5.1","4.8","5.2","5.5","4.8","79.0"
"86","Ramsey County, Minnesota",2010,"243806","259307","8.7","8.6","8.8","8.3","8.4","8.2","76.5"
"87","Red Lake County, Minnesota",2010,"2081","2013","4.4","4.9","3.9","6.4","6.2","6.7","76.5"
"88","Redwood County, Minnesota",2010,"7885","8184","4.6","5.0","4.2","4.8","4.6","4.9","75.1"
"89","Renville County, Minnesota",2010,"8017","7990","5.0","5.3","4.8","4.5","5.1","4.0","76.3"
"90","Rice County, Minnesota",2010,"32082","31005","9.9","10.9","8.9","5.8","6.1","5.4","76.0"
"91","Rock County, Minnesota",2010,"4767","4839","4.7","4.8","4.5","5.0","5.0","5.0","74.4"
"92","Roseau County, Minnesota",2010,"8096","7768","4.4","4.8","4.0","4.8","4.9","4.7","73.1"
"93","St. Louis County, Minnesota",2010,"99585","99887","9.0","9.4","8.5","5.5","5.9","5.2","80.1"
"94","Scott County, Minnesota",2010,"62814","63325","4.5","4.8","4.1","6.4","6.1","6.7","69.6"
"95","Sherburne County, Minnesota",2010,"44437","42386","6.0","6.3","5.6","6.9","6.8","7.0","70.4"
"96","Sibley County, Minnesota",2010,"7689","7530","4.6","4.7","4.6","5.3","5.5","5.1","74.3"
"97","Stearns County, Minnesota",2010,"74628","73299","11.3","11.6","11.0","6.8","7.3","6.4","76.8"
"98","Steele County, Minnesota",2010,"17916","18518","5.1","5.1","5.0","6.2","6.4","5.9","73.5"
"99","Stevens County, Minnesota",2010,"4765","4946","13.2","12.9","13.5","5.1","5.9","4.4","79.5"
"100","Swift County, Minnesota",2010,"5067","4879","4.1","4.3","3.9","5.6","6.6","4.6","77.6"
"101","Todd County, Minnesota",2010,"12651","12153","5.5","5.8","5.2","5.0","5.4","4.6","75.1"
"102","Traverse County, Minnesota",2010,"1847","1810","3.6","4.0","3.2","5.3","5.9","4.6","78.8"
"103","Wabasha County, Minnesota",2010,"10848","10895","5.0","5.0","5.1","5.1","5.4","4.7","76.2"
"104","Wadena County, Minnesota",2010,"6844","6965","4.6","5.2","4.1","4.8","5.0","4.6","76.5"
"105","Waseca County, Minnesota",2010,"9170","9998","5.1","5.4","4.9","6.9","6.3","7.4","76.3"
"106","Washington County, Minnesota",2010,"115094","117442","5.2","5.4","4.9","5.9","6.0","5.7","72.8"
"107","Watonwan County, Minnesota",2010,"5631","5581","5.1","5.9","4.3","5.6","5.6","5.7","75.1"
"108","Wilkin County, Minnesota",2010,"3368","3268","4.6","4.9","4.3","4.6","4.8","4.4","76.0"
"109","Winona County, Minnesota",2010,"25014","26290","14.4","14.0","14.8","6.1","6.6","5.6","80.1"
"110","Wright County, Minnesota",2010,"60689","60075","4.7","4.7","4.6","6.8","6.7","6.8","69.9"
"111","Yellow Medicine County, Minnesota",2010,"5359","5155","5.4","6.0","4.8","4.8","4.8","4.7","76.4"
"112","Aitkin County, Minnesota",2012,"8223","7943","3.3","3.3","3.3","4.0","3.9","4.1","82.3"
"113","Anoka County, Minnesota",2012,"165788","165861","5.7","5.9","5.5","6.5","6.6","6.4","74.1"
"114","Becker County, Minnesota",2012,"16361","16239","4.8","4.8","4.7","5.3","5.3","5.2","75.6"
"115","Beltrami County, Minnesota",2012,"22354","22298","9.9","10.3","9.5","6.6","6.7","6.5","74.7"
"116","Benton County, Minnesota",2012,"19270","19290","8.0","8.1","7.9","8.7","8.8","8.6","75.2"
"117","Big Stone County, Minnesota",2012,"2571","2679","3.6","3.9","3.3","4.5","4.5","4.4","79.0"
"118","Blue Earth County, Minnesota",2012,"32050","31941","16.6","17.3","16.0","7.9","8.8","7.0","80.7"
"119","Brown County, Minnesota",2012,"12744","13028","6.6","7.1","6.1","5.3","5.6","5.0","78.0"
"120","Carlton County, Minnesota",2012,"18385","16919","5.0","5.4","4.5","5.8","6.1","5.3","76.5"
"121","Carver County, Minnesota",2012,"45338","46017","4.3","4.5","4.2","5.5","5.4","5.6","70.3"
"122","Cass County, Minnesota",2012,"14599","13920","4.3","4.5","4.1","4.6","4.6","4.7","78.4"
"123","Chippewa County, Minnesota",2012,"6061","6266","4.9","5.1","4.7","6.0","6.6","5.4","76.4"
"124","Chisago County, Minnesota",2012,"27708","25818","5.1","5.8","4.2","5.7","6.0","5.3","74.4"
"125","Clay County, Minnesota",2012,"29097","29840","11.6","11.1","12.2","6.9","7.4","6.4","76.9"
"126","Clearwater County, Minnesota",2012,"4434","4238","4.4","5.0","3.8","5.2","5.2","5.3","75.2"
"127","Cook County, Minnesota",2012,"2657","2549","5.2","6.4","4.0","4.5","4.1","4.8","83.1"
"128","Cottonwood County, Minnesota",2012,"5726","5939","5.2","5.1","5.2","5.9","5.8","5.9","76.3"
"129","Crow Wing County, Minnesota",2012,"31154","31367","5.3","5.1","5.4","5.8","6.0","5.5","77.0"
"130","Dakota County, Minnesota",2012,"196203","203240","5.5","5.7","5.4","6.8","6.9","6.8","73.8"
"131","Dodge County, Minnesota",2012,"10048","10023","4.7","5.0","4.4","5.7","5.9","5.5","71.1"
"132","Douglas County, Minnesota",2012,"18090","18077","5.7","6.5","5.0","5.9","6.1","5.7","78.5"
"133","Faribault County, Minnesota",2012,"7282","7264","4.5","5.1","3.9","4.8","5.2","4.4","78.1"
"134","Fillmore County, Minnesota",2012,"10398","10482","4.7","5.0","4.4","5.3","5.5","5.2","76.0"
"135","Freeborn County, Minnesota",2012,"15573","15615","5.1","5.8","4.5","5.3","5.2","5.5","77.9"
"136","Goodhue County, Minnesota",2012,"22951","23193","4.8","4.9","4.6","5.5","5.6","5.3","76.4"
"137","Grant County, Minnesota",2012,"3014","3002","4.7","5.2","4.1","5.2","5.3","5.1","78.8"
"138","Hennepin County, Minnesota",2012,"569482","588557","7.2","7.3","7.1","8.8","8.9","8.7","77.3"
"139","Houston County, Minnesota",2012,"9360","9641","4.4","4.8","4.0","5.4","5.7","5.1","77.3"
"140","Hubbard County, Minnesota",2012,"10330","10042","3.9","4.2","3.6","4.6","4.9","4.4","78.2"
"141","Isanti County, Minnesota",2012,"19131","18873","5.6","5.9","5.4","6.4","6.4","6.4","74.0"
"142","Itasca County, Minnesota",2012,"22709","22343","4.7","5.0","4.4","4.9","4.9","4.8","78.3"
"143","Jackson County, Minnesota",2012,"5203","5070","4.5","5.0","4.0","5.1","5.5","4.8","77.5"
"144","Kanabec County, Minnesota",2012,"8209","8046","4.5","4.7","4.3","5.3","5.3","5.4","76.5"
"145","Kandiyohi County, Minnesota",2012,"21226","20924","6.7","6.9","6.5","6.0","6.5","5.5","76.1"
"146","Kittson County, Minnesota",2012,"2265","2282","4.3","4.1","4.5","3.8","4.1","3.5","78.3"
"147","Koochiching County, Minnesota",2012,"6639","6654","4.2","4.8","3.6","4.8","4.6","4.9","79.1"
"148","Lac qui Parle County, Minnesota",2012,"3616","3624","3.2","3.6","2.8","4.3","4.8","3.8","79.0"
"149","Lake County, Minnesota",2012,"5535","5314","4.4","4.3","4.6","5.0","5.4","4.6","81.4"
"150","Lake of the Woods County, Minnesota",2012,"2131","1908","4.1","4.3","3.9","3.8","3.3","4.3","80.2"
"151","Le Sueur County, Minnesota",2012,"13966","13778","4.7","4.7","4.7","5.9","6.2","5.6","74.7"
"152","Lincoln County, Minnesota",2012,"2942","2934","4.3","4.8","3.7","4.6","4.5","4.6","78.0"
"153","Lyon County, Minnesota",2012,"12668","13046","9.4","9.0","9.8","7.4","8.7","6.2","75.8"
"154","McLeod County, Minnesota",2012,"18177","18350","5.2","5.6","4.8","5.9","6.2","5.6","74.8"
"155","Mahnomen County, Minnesota",2012,"2730","2712","5.6","4.9","6.3","5.3","5.4","5.3","70.3"
"156","Marshall County, Minnesota",2012,"4820","4655","4.0","4.3","3.8","5.1","5.3","4.8","76.9"
"157","Martin County, Minnesota",2012,"10213","10514","4.3","4.6","4.1","5.0","5.0","4.9","77.7"
"158","Meeker County, Minnesota",2012,"11774","11488","4.7","5.2","4.2","5.4","5.3","5.5","74.7"
"159","Mille Lacs County, Minnesota",2012,"13041","12963","5.2","5.3","5.1","6.2","6.2","6.1","74.8"
"160","Morrison County, Minnesota",2012,"16781","16392","5.2","5.4","5.0","5.9","6.2","5.7","75.7"
"161","Mower County, Minnesota",2012,"19392","19723","6.1","6.6","5.7","5.4","5.8","4.9","74.8"
"162","Murray County, Minnesota",2012,"4301","4389","3.8","4.2","3.5","4.4","4.5","4.3","78.3"
"163","Nicollet County, Minnesota",2012,"16328","16361","10.9","10.5","11.3","7.2","8.0","6.3","77.6"
"164","Nobles County, Minnesota",2012,"10833","10516","6.5","6.5","6.5","7.0","8.1","5.9","74.2"
"165","Norman County, Minnesota",2012,"3409","3387","3.6","3.8","3.3","4.5","4.8","4.2","76.1"
"166","Olmsted County, Minnesota",2012,"70814","73693","5.7","5.5","5.8","7.9","8.0","7.8","74.9"
"167","Otter Tail County, Minnesota",2012,"28702","28679","4.7","4.9","4.5","4.9","5.0","4.8","78.4"
"168","Pennington County, Minnesota",2012,"6855","7095","6.3","6.8","5.8","6.5","6.9","6.2","76.3"
"169","Pine County, Minnesota",2012,"15810","13754","4.9","5.2","4.5","6.1","6.5","5.7","78.1"
"170","Pipestone County, Minnesota",2012,"4662","4874","4.6","4.5","4.7","5.5","6.3","4.7","75.3"
"171","Polk County, Minnesota",2012,"15889","15537","7.1","7.9","6.2","5.8","6.2","5.4","76.6"
"172","Pope County, Minnesota",2012,"5567","5411","4.5","4.6","4.4","5.4","5.9","4.9","78.9"
"173","Ramsey County, Minnesota",2012,"247785","263100","8.6","8.6","8.6","8.5","8.6","8.5","76.7"
"174","Red Lake County, Minnesota",2012,"2084","2016","5.0","5.8","4.3","5.9","5.8","5.9","75.6"
"175","Redwood County, Minnesota",2012,"7999","8007","4.4","4.7","4.2","5.1","5.4","4.8","75.4"
"176","Renville County, Minnesota",2012,"7944","7709","4.8","5.0","4.5","4.8","5.1","4.6","77.0"
"177","Rice County, Minnesota",2012,"32741","31430","10.0","11.1","8.9","5.9","6.3","5.5","76.7"
"178","Rock County, Minnesota",2012,"4729","4891","4.2","4.2","4.2","4.9","5.2","4.7","74.7"
"179","Roseau County, Minnesota",2012,"8008","7657","4.3","4.3","4.2","4.9","5.0","4.8","73.9"
"180","St. Louis County, Minnesota",2012,"100346","99804","8.9","9.4","8.4","6.0","6.2","5.7","80.4"
"181","Scott County, Minnesota",2012,"65044","65645","4.4","4.7","4.1","6.1","5.7","6.4","70.0"
"182","Sherburne County, Minnesota",2012,"45110","43448","6.0","6.4","5.6","6.6","6.7","6.5","71.0"
"183","Sibley County, Minnesota",2012,"7664","7525","4.5","4.6","4.5","5.3","5.1","5.4","74.7"
"184","Stearns County, Minnesota",2012,"75912","74395","10.9","11.4","10.5","6.8","7.1","6.6","77.0"
"185","Steele County, Minnesota",2012,"17974","18550","5.3","5.7","4.9","6.0","6.3","5.7","73.8"
"186","Stevens County, Minnesota",2012,"4804","4908","12.6","13.5","11.7","5.7","6.0","5.3","79.1"
"187","Swift County, Minnesota",2012,"5024","4740","4.8","5.5","4.1","4.9","5.3","4.5","78.5"
"188","Todd County, Minnesota",2012,"12641","12142","5.0","5.2","4.8","5.1","5.1","5.2","75.2"
"189","Traverse County, Minnesota",2012,"1800","1749","3.4","4.1","2.7","5.3","6.1","4.6","78.8"
"190","Wabasha County, Minnesota",2012,"10820","10816","4.8","4.9","4.7","5.3","5.4","5.2","76.6"
"191","Wadena County, Minnesota",2012,"6787","7021","4.8","5.3","4.3","5.2","5.0","5.5","76.0"
"192","Waseca County, Minnesota",2012,"9158","9931","5.1","5.4","4.8","6.6","6.0","7.1","76.4"
"193","Washington County, Minnesota",2012,"118190","120531","5.0","5.2","4.8","6.0","6.2","5.9","73.5"
"194","Watonwan County, Minnesota",2012,"5627","5550","4.6","5.5","3.7","6.1","5.7","6.5","75.0"
"195","Wilkin County, Minnesota",2012,"3329","3255","4.5","4.6","4.3","4.9","4.8","4.9","75.7"
"196","Winona County, Minnesota",2012,"25264","26217","14.6","14.0","15.2","6.0","6.4","5.6","80.8"
"197","Wright County, Minnesota",2012,"62838","61899","4.5","4.4","4.5","6.4","6.4","6.5","70.2"
"198","Yellow Medicine County, Minnesota",2012,"5288","5069","5.1","5.6","4.5","5.3","5.6","5.0","76.7"
"199","Aitkin County, Minnesota",2014,"8103","7861","3.4","3.6","3.3","3.8","3.5","4.0","82.4"
"200","Anoka County, Minnesota",2014,"168202","168114","5.8","5.9","5.6","6.4","6.5","6.3","74.9"
"201","Becker County, Minnesota",2014,"16556","16415","4.8","4.9","4.8","5.2","5.2","5.2","75.4"
"202","Beltrami County, Minnesota",2014,"22654","22582","10.3","10.6","10.0","6.3","6.5","6.1","74.8"
"203","Benton County, Minnesota",2014,"19473","19507","7.0","7.1","6.9","8.3","8.5","8.2","75.3"
"204","Big Stone County, Minnesota",2014,"2529","2651","4.4","4.4","4.5","4.2","4.1","4.4","79.4"
"205","Blue Earth County, Minnesota",2014,"32581","32139","15.9","16.6","15.2","8.2","9.2","7.3","80.5"
"206","Brown County, Minnesota",2014,"12648","12865","6.6","6.9","6.3","5.3","5.4","5.2","78.3"
"207","Carlton County, Minnesota",2014,"18283","17147","5.4","5.9","4.8","5.7","6.0","5.4","76.6"
"208","Carver County, Minnesota",2014,"46728","47484","4.6","4.8","4.4","5.2","5.1","5.3","71.2"
"209","Cass County, Minnesota",2014,"14542","13957","4.5","4.6","4.3","4.5","4.4","4.5","78.7"
"210","Chippewa County, Minnesota",2014,"6055","6180","5.3","5.3","5.3","6.0","7.0","4.9","77.1"
"211","Chisago County, Minnesota",2014,"27799","25999","5.3","6.1","4.5","5.4","5.8","4.9","75.5"
"212","Clay County, Minnesota",2014,"29807","30442","11.6","11.3","11.8","7.0","7.5","6.5","76.9"
"213","Clearwater County, Minnesota",2014,"4424","4311","4.6","5.2","4.1","5.1","5.0","5.2","75.3"
"214","Cook County, Minnesota",2014,"2598","2599","4.7","5.2","4.2","4.8","4.2","5.4","84.1"
"215","Cottonwood County, Minnesota",2014,"5645","6031","5.4","4.8","6.1","4.5","5.3","3.7","76.4"
"216","Crow Wing County, Minnesota",2014,"31463","31437","5.3","5.2","5.4","5.4","5.4","5.4","77.4"
"217","Dakota County, Minnesota",2014,"199214","206307","5.5","5.7","5.4","6.6","6.7","6.5","74.4"
"218","Dodge County, Minnesota",2014,"10116","10130","5.1","5.4","4.8","5.3","5.3","5.4","72.1"
"219","Douglas County, Minnesota",2014,"18199","18214","5.6","6.2","5.0","5.7","5.8","5.6","78.6"
"220","Faribault County, Minnesota",2014,"7192","7145","4.5","5.1","3.9","5.0","5.3","4.8","78.6"
"221","Fillmore County, Minnesota",2014,"10394","10448","4.9","5.1","4.7","4.9","5.1","4.8","76.0"
"222","Freeborn County, Minnesota",2014,"15346","15688","5.4","5.4","5.4","5.2","5.6","4.9","78.1"
"223","Goodhue County, Minnesota",2014,"23190","23146","5.1","5.2","5.0","5.4","5.4","5.3","76.8"
"224","Grant County, Minnesota",2014,"2992","2985","4.5","4.7","4.4","4.8","4.9","4.8","78.7"
"225","Hennepin County, Minnesota",2014,"582534","601557","6.8","6.9","6.8","8.8","8.9","8.7","77.6"
"226","Houston County, Minnesota",2014,"9421","9438","4.8","5.2","4.4","4.9","5.3","4.6","78.1"
"227","Hubbard County, Minnesota",2014,"10286","10232","3.9","4.0","3.7","4.3","4.7","4.0","78.6"
"228","Isanti County, Minnesota",2014,"19245","18945","5.4","5.6","5.1","6.2","6.1","6.2","74.8"
"229","Itasca County, Minnesota",2014,"22904","22399","4.9","5.2","4.5","4.8","4.8","4.8","78.5"
"230","Jackson County, Minnesota",2014,"5184","5076","5.0","5.2","4.7","5.4","5.9","4.9","77.6"
"231","Kanabec County, Minnesota",2014,"8164","7920","4.9","5.2","4.6","5.1","5.2","5.1","77.3"
"232","Kandiyohi County, Minnesota",2014,"21353","20963","7.0","7.4","6.6","5.8","6.1","5.5","76.3"
"233","Kittson County, Minnesota",2014,"2245","2256","4.2","4.4","3.9","3.6","4.0","3.2","77.9"
"234","Koochiching County, Minnesota",2014,"6577","6561","4.3","4.4","4.2","4.7","5.0","4.4","79.9"
"235","Lac qui Parle County, Minnesota",2014,"3562","3534","3.6","4.1","3.2","4.2","4.6","3.7","79.1"
"236","Lake County, Minnesota",2014,"5468","5323","4.2","4.0","4.4","5.2","5.5","5.0","81.5"
"237","Lake of the Woods County, Minnesota",2014,"2057","1919","4.1","4.6","3.5","2.5","2.3","2.8","80.3"
"238","Le Sueur County, Minnesota",2014,"14045","13672","5.0","5.0","5.0","5.5","5.6","5.4","75.3"
"239","Lincoln County, Minnesota",2014,"2932","2889","4.2","4.5","3.8","4.5","4.4","4.6","77.9"
"240","Lyon County, Minnesota",2014,"12811","12913","8.9","9.3","8.5","6.8","7.3","6.3","75.6"
"241","McLeod County, Minnesota",2014,"17949","18223","5.3","5.5","5.1","5.8","6.0","5.6","75.5"
"242","Mahnomen County, Minnesota",2014,"2771","2715","6.0","5.4","6.6","5.0","5.0","5.0","69.7"
"243","Marshall County, Minnesota",2014,"4805","4642","4.4","4.9","4.0","5.2","5.0","5.4","76.9"
"244","Martin County, Minnesota",2014,"10116","10399","4.5","4.7","4.4","5.0","5.1","4.9","78.2"
"245","Meeker County, Minnesota",2014,"11752","11395","4.7","5.0","4.4","5.2","5.2","5.2","75.1"
"246","Mille Lacs County, Minnesota",2014,"12989","12902","5.1","5.2","5.0","5.8","5.5","6.0","75.2"
"247","Morrison County, Minnesota",2014,"16714","16340","5.1","5.1","5.0","5.5","5.6","5.4","76.0"
"248","Mower County, Minnesota",2014,"19654","19658","6.0","6.7","5.2","5.4","5.2","5.5","74.9"
"249","Murray County, Minnesota",2014,"4255","4331","3.9","4.3","3.5","4.4","4.6","4.2","78.5"
"250","Nicollet County, Minnesota",2014,"16454","16469","9.0","9.3","8.7","7.4","7.9","6.9","77.7"
"251","Nobles County, Minnesota",2014,"11031","10558","5.9","5.8","6.0","6.3","6.9","5.6","74.0"
"252","Norman County, Minnesota",2014,"3357","3368","4.2","4.4","4.0","4.1","4.2","4.0","76.8"
"253","Olmsted County, Minnesota",2014,"72094","75337","5.4","5.3","5.5","7.6","7.7","7.5","75.1"
"254","Otter Tail County, Minnesota",2014,"28772","28645","4.7","4.9","4.6","4.7","4.7","4.6","78.6"
"255","Pennington County, Minnesota",2014,"6974","7067","6.4","6.8","6.0","6.9","7.6","6.2","76.5"
"256","Pine County, Minnesota",2014,"15719","13628","5.0","5.2","4.7","5.7","6.0","5.3","78.7"
"257","Pipestone County, Minnesota",2014,"4614","4793","4.8","4.5","5.0","5.1","5.6","4.5","75.4"
"258","Polk County, Minnesota",2014,"16000","15630","6.9","7.4","6.4","6.2","6.8","5.5","76.5"
"259","Pope County, Minnesota",2014,"5570","5376","4.4","4.4","4.3","5.3","5.7","4.9","78.6"
"260","Ramsey County, Minnesota",2014,"253159","268106","8.2","8.3","8.2","8.6","8.6","8.5","76.7"
"261","Red Lake County, Minnesota",2014,"2080","1991","4.1","4.3","3.9","5.1","5.3","4.9","75.4"
"262","Redwood County, Minnesota",2014,"7951","7883","4.5","4.6","4.3","5.0","5.3","4.6","75.6"
"263","Renville County, Minnesota",2014,"7754","7572","5.0","5.1","4.8","4.7","4.9","4.6","77.5"
"264","Rice County, Minnesota",2014,"32934","31895","9.9","10.7","9.1","5.4","5.9","4.9","77.2"
"265","Rock County, Minnesota",2014,"4664","4923","4.1","4.2","3.9","4.6","5.0","4.3","74.9"
"266","Roseau County, Minnesota",2014,"7925","7620","4.6","4.7","4.6","4.6","4.8","4.4","74.6"
"267","St. Louis County, Minnesota",2014,"100738","99825","9.0","9.4","8.6","6.0","6.2","5.7","80.6"
"268","Scott County, Minnesota",2014,"67314","67815","4.7","4.9","4.5","5.8","5.6","6.0","70.6"
"269","Sherburne County, Minnesota",2014,"45962","43808","5.8","6.3","5.4","6.4","6.7","6.1","71.9"
"270","Sibley County, Minnesota",2014,"7598","7498","4.9","5.0","4.8","5.2","5.4","4.9","75.0"
"271","Stearns County, Minnesota",2014,"76411","75317","10.9","11.3","10.5","6.5","6.8","6.2","77.1"
"272","Steele County, Minnesota",2014,"17940","18532","5.4","5.9","4.9","5.9","6.1","5.7","74.2"
"273","Stevens County, Minnesota",2014,"4844","4904","13.3","14.2","12.4","5.5","6.0","5.0","78.8"
"274","Swift County, Minnesota",2014,"4853","4749","5.3","5.5","5.0","4.8","5.3","4.4","78.7"
"275","Todd County, Minnesota",2014,"12622","11966","5.1","5.3","4.9","4.9","4.9","4.8","75.6"
"276","Traverse County, Minnesota",2014,"1725","1730","4.1","4.7","3.6","3.7","4.2","3.3","78.8"
"277","Wabasha County, Minnesota",2014,"10807","10678","4.7","4.8","4.6","5.2","4.9","5.4","77.3"
"278","Wadena County, Minnesota",2014,"6837","6917","5.0","5.6","4.4","4.8","4.8","4.9","75.9"
"279","Waseca County, Minnesota",2014,"9037","10090","5.0","5.1","4.9","6.5","5.6","7.4","76.1"
"280","Washington County, Minnesota",2014,"120650","123453","5.2","5.5","4.9","5.8","5.9","5.7","74.2"
"281","Watonwan County, Minnesota",2014,"5621","5530","5.4","6.1","4.7","5.3","5.4","5.2","75.3"
"282","Wilkin County, Minnesota",2014,"3328","3233","4.4","4.5","4.4","4.6","4.7","4.5","76.4"
"283","Winona County, Minnesota",2014,"25128","26157","14.4","14.2","14.7","6.0","6.2","5.7","81.4"
"284","Wright County, Minnesota",2014,"64133","63253","4.6","4.6","4.6","6.0","6.0","6.0","70.7"
"285","Yellow Medicine County, Minnesota",2014,"5228","5005","5.0","5.4","4.6","5.6","6.1","5.0","76.5"
"286","Aitkin County, Minnesota",2016,"8016","7706","3.6","3.6","3.6","3.5","3.5","3.5","82.8"
"287","Anoka County, Minnesota",2016,"170762","170487","5.9","6.0","5.7","6.3","6.4","6.1","75.5"
"288","Becker County, Minnesota",2016,"16693","16682","5.0","5.0","5.1","5.1","5.0","5.3","75.4"
"289","Beltrami County, Minnesota",2016,"22773","22871","10.2","10.5","9.9","6.2","6.6","5.9","74.7"
"290","Benton County, Minnesota",2016,"19736","19721","6.0","6.1","6.0","7.8","7.8","7.8","75.4"
"291","Big Stone County, Minnesota",2016,"2494","2604","5.0","4.8","5.2","3.9","4.0","3.7","79.3"
"292","Blue Earth County, Minnesota",2016,"32979","32545","16.6","17.0","16.2","7.2","7.9","6.4","80.4"
"293","Brown County, Minnesota",2016,"12563","12764","6.7","6.8","6.5","5.2","5.4","5.0","78.3"
"294","Carlton County, Minnesota",2016,"18491","16991","5.6","6.2","4.8","5.5","5.5","5.4","77.2"
"295","Carver County, Minnesota",2016,"48209","48934","5.1","5.1","5.2","4.8","4.7","4.9","72.1"
"296","Cass County, Minnesota",2016,"14588","14045","4.7","4.6","4.7","4.2","4.2","4.3","78.7"
"297","Chippewa County, Minnesota",2016,"6006","6120","5.4","5.3","5.5","5.6","6.6","4.7","77.0"
"298","Chisago County, Minnesota",2016,"27920","26121","5.5","5.9","5.0","5.4","6.0","4.7","76.4"
"299","Clay County, Minnesota",2016,"30311","31091","11.4","11.2","11.6","7.0","7.6","6.4","76.6"
"300","Clearwater County, Minnesota",2016,"4440","4324","4.9","5.1","4.8","4.8","5.0","4.6","75.3"
"301","Cook County, Minnesota",2016,"2606","2609","5.1","5.4","4.8","4.6","4.0","5.2","84.2"
"302","Cottonwood County, Minnesota",2016,"5669","5888","5.5","5.2","5.8","4.7","5.0","4.4","76.2"
"303","Crow Wing County, Minnesota",2016,"31646","31675","5.4","5.4","5.3","5.2","5.2","5.3","77.8"
"304","Dakota County, Minnesota",2016,"202188","209214","5.8","6.0","5.6","6.3","6.4","6.2","75.0"
"305","Dodge County, Minnesota",2016,"10198","10163","5.3","5.4","5.3","5.2","5.2","5.1","72.4"
"306","Douglas County, Minnesota",2016,"18388","18474","5.7","6.2","5.1","5.6","5.9","5.3","78.8"
"307","Faribault County, Minnesota",2016,"7060","7059","4.6","4.9","4.3","4.9","5.0","4.9","78.3"
"308","Fillmore County, Minnesota",2016,"10470","10407","5.0","5.3","4.8","4.6","4.8","4.4","76.0"
"309","Freeborn County, Minnesota",2016,"15350","15401","5.3","5.2","5.4","5.3","5.6","5.0","78.1"
"310","Goodhue County, Minnesota",2016,"23180","23270","5.3","5.6","5.0","5.2","5.3","5.1","77.2"
"311","Grant County, Minnesota",2016,"2972","2971","4.7","4.7","4.6","4.3","4.5","4.2","78.1"
"312","Hennepin County, Minnesota",2016,"596243","613022","6.6","6.7","6.5","8.7","8.9","8.6","77.7"
"313","Houston County, Minnesota",2016,"9390","9401","5.1","5.3","4.9","4.7","5.1","4.2","78.5"
"314","Hubbard County, Minnesota",2016,"10302","10338","4.0","4.1","3.8","4.0","4.3","3.6","78.3"
"315","Isanti County, Minnesota",2016,"19431","19030","5.4","5.4","5.3","6.0","6.1","5.9","75.4"
"316","Itasca County, Minnesota",2016,"22906","22450","4.9","5.3","4.6","4.6","4.8","4.4","78.7"
"317","Jackson County, Minnesota",2016,"5130","5033","5.4","5.4","5.5","5.4","6.0","4.8","77.7"
"318","Kanabec County, Minnesota",2016,"8062","7856","5.3","5.7","4.9","4.7","4.8","4.6","78.0"
"319","Kandiyohi County, Minnesota",2016,"21312","21198","7.0","7.0","7.0","5.9","6.3","5.6","76.1"
"320","Kittson County, Minnesota",2016,"2243","2193","5.0","5.3","4.7","3.7","4.1","3.3","78.4"
"321","Koochiching County, Minnesota",2016,"6461","6469","5.0","5.6","4.5","4.5","4.6","4.4","80.6"
"322","Lac qui Parle County, Minnesota",2016,"3453","3463","4.6","4.6","4.6","3.6","4.0","3.2","79.9"
"323","Lake County, Minnesota",2016,"5481","5240","4.1","3.9","4.2","4.8","5.3","4.3","81.7"
"324","Lake of the Woods County, Minnesota",2016,"2030","1871","6.0","7.0","4.9","3.1","3.1","3.0","81.5"
"325","Le Sueur County, Minnesota",2016,"14005","13645","5.4","5.2","5.5","5.1","5.1","5.1","75.6"
"326","Lincoln County, Minnesota",2016,"2914","2879","4.3","4.5","4.1","4.5","4.5","4.4","77.5"
"327","Lyon County, Minnesota",2016,"12840","12830","7.7","7.9","7.5","6.9","7.3","6.5","75.3"
"328","McLeod County, Minnesota",2016,"17807","18119","5.4","5.6","5.2","5.7","6.0","5.4","76.2"
"329","Mahnomen County, Minnesota",2016,"2765","2715","5.6","5.3","5.9","4.9","4.4","5.3","69.2"
"330","Marshall County, Minnesota",2016,"4793","4613","5.0","5.6","4.4","5.0","4.8","5.2","76.9"
"331","Martin County, Minnesota",2016,"9989","10204","5.2","5.1","5.2","4.9","5.0","4.8","78.2"
"332","Meeker County, Minnesota",2016,"11734","11360","4.9","5.1","4.7","4.8","4.8","4.7","75.4"
"333","Mille Lacs County, Minnesota",2016,"12944","12844","5.0","5.0","5.0","5.6","5.5","5.7","75.8"
"334","Morrison County, Minnesota",2016,"16617","16233","5.2","5.2","5.3","5.3","5.4","5.2","76.4"
"335","Mower County, Minnesota",2016,"19689","19559","6.4","7.1","5.7","5.5","5.5","5.5","75.1"
"336","Murray County, Minnesota",2016,"4197","4266","4.5","5.1","4.0","4.2","4.4","4.0","78.9"
"337","Nicollet County, Minnesota",2016,"16586","16640","8.1","7.5","8.7","7.0","7.7","6.2","77.8"
"338","Nobles County, Minnesota",2016,"11130","10599","6.0","6.1","6.0","6.5","7.4","5.6","73.4"
"339","Norman County, Minnesota",2016,"3332","3306","5.0","4.7","5.4","4.3","4.7","3.8","77.0"
"340","Olmsted County, Minnesota",2016,"73514","76590","5.7","5.5","5.8","7.0","7.1","6.9","75.2"
"341","Otter Tail County, Minnesota",2016,"28994","28700","5.0","5.3","4.7","4.5","4.7","4.2","78.5"
"342","Pennington County, Minnesota",2016,"7121","7035","6.1","6.5","5.7","7.1","7.8","6.3","76.9"
"343","Pine County, Minnesota",2016,"15548","13519","5.0","5.1","4.8","5.6","6.1","4.9","79.3"
"344","Pipestone County, Minnesota",2016,"4533","4752","5.0","4.8","5.2","4.8","5.0","4.5","75.4"
"345","Polk County, Minnesota",2016,"15931","15619","7.1","7.7","6.5","6.0","6.6","5.5","76.5"
"346","Pope County, Minnesota",2016,"5543","5432","4.6","4.7","4.5","5.0","5.1","4.9","78.8"
"347","Ramsey County, Minnesota",2016,"258733","272795","7.8","8.0","7.7","8.7","8.8","8.6","76.6"
"348","Red Lake County, Minnesota",2016,"2056","1986","4.6","4.6","4.5","4.6","4.7","4.4","75.4"
"349","Redwood County, Minnesota",2016,"7830","7748","4.9","5.2","4.5","4.6","4.6","4.5","75.6"
"350","Renville County, Minnesota",2016,"7603","7392","5.0","5.3","4.6","4.6","4.8","4.4","77.6"
"351","Rice County, Minnesota",2016,"33132","31984","9.7","9.7","9.8","5.4","5.9","4.7","77.8"
"352","Rock County, Minnesota",2016,"4668","4886","4.8","5.0","4.5","4.6","5.0","4.3","74.8"
"353","Roseau County, Minnesota",2016,"7999","7610","5.4","5.1","5.6","4.6","4.9","4.4","75.1"
"354","St. Louis County, Minnesota",2016,"100702","99651","9.2","9.4","8.9","5.8","6.3","5.4","80.8"
"355","Scott County, Minnesota",2016,"69528","69962","5.1","5.1","5.1","5.5","5.4","5.5","71.2"
"356","Sherburne County, Minnesota",2016,"46610","44578","6.0","6.7","5.3","6.2","6.3","6.1","72.6"
"357","Sibley County, Minnesota",2016,"7555","7402","4.9","5.0","4.8","5.0","5.3","4.7","75.6"
"358","Stearns County, Minnesota",2016,"77355","76306","11.0","11.4","10.6","6.3","6.7","5.8","77.1"
"359","Steele County, Minnesota",2016,"18073","18468","5.5","6.2","4.8","5.4","5.4","5.5","74.5"
"360","Stevens County, Minnesota",2016,"4884","4878","13.9","15.3","12.6","5.5","6.1","4.9","79.0"
"361","Swift County, Minnesota",2016,"4775","4708","5.2","5.4","4.9","4.7","5.0","4.4","77.8"
"362","Todd County, Minnesota",2016,"12419","11916","5.4","5.7","5.1","4.7","4.9","4.5","76.0"
"363","Traverse County, Minnesota",2016,"1635","1762","4.9","5.5","4.3","4.2","4.3","4.1","79.5"
"364","Wabasha County, Minnesota",2016,"10627","10700","5.0","5.1","4.9","5.2","4.9","5.4","77.6"
"365","Wadena County, Minnesota",2016,"6809","6946","5.2","5.7","4.8","4.9","4.9","4.8","75.6"
"366","Waseca County, Minnesota",2016,"8996","10038","5.6","5.1","6.1","6.6","6.8","6.4","76.7"
"367","Washington County, Minnesota",2016,"123093","125652","5.5","5.9","5.1","5.5","5.7","5.4","74.8"
"368","Watonwan County, Minnesota",2016,"5414","5582","5.8","6.9","4.7","5.3","5.6","5.0","75.7"
"369","Wilkin County, Minnesota",2016,"3258","3221","3.3","4.8","1.8","6.0","4.5","7.5","76.9"
"370","Winona County, Minnesota",2016,"25238","25907","14.3","14.3","14.4","6.0","6.1","5.9","81.6"
"371","Wright County, Minnesota",2016,"65372","64550","4.9","5.0","4.8","5.7","5.5","5.8","71.2"
"372","Yellow Medicine County, Minnesota",2016,"5115","4923","5.1","5.4","4.8","5.2","5.6","4.8","76.8"
